dataset,input_id,weaker_model,self_output,other_output
cnn,2ad31cae96512af5105b9b23f9b681dc732b2605,llama3_8bbase,"A magnitude 4.2 earthquake struck the San Francisco area at 4:42 a.m. PT, reported the U.S. Geological Survey.
The quake left about 2,000 customers without power, according to Pacific Gas and Light.
The shaking lasted about 50 seconds, with no reported injuries or damage, said authorities.
The quake was centered near Oakland, about two miles east-northeast of the city.","Magnitude 4.2 earthquake shakes San Francisco area; about 2,000 customers lose power
The quake was centered about two miles east-northeast of Oakland, at a depth of 3.6 miles
Magnitude 4"
cnn,0d43b97000ff852282c89d8d105e41495c0ee9bd,llama3_8bbase,"Federal official says there is ""no remaining hope"" of finding six trapped miners alive in Utah coal mine.
Rescue efforts have exhausted all known options and oxygen levels are too low to sustain human life.
The Mine Safety and Health Administration has consulted with experts and private consultants, but found no other options.
The families of the missing miners have been told that there is no hope of finding them alive.","There is ""no remaining hope"" of finding six miners trapped in a Utah mine alive, federal officials say
The men were trapped during a cave-in on August 6; efforts to reach them were suspended when two rescuers and a federal mining official were killed
After drilling seven holes into mine tunnels from the mountaintop above, there has been no sign of the miners -- and microphones have picked up no sound from the men"
cnn,17e43e8e7d2bbbb237df78537d108c3fa917d9fb,llama3_8bbase,"Beethoven's ""Für Elise"" was originally titled ""Bagatelle in A minor"" and may have been written for Therese Malfatti.
Elton John's ""Philadelphia Freedom"" was written for Billie Jean King, thanking her for a tracksuit.
The Kinks' ""Lola"" was inspired by Candy Darling or a woman with a five o'clock shadow, depending on the story.
Neil Sedaka's ""Oh, Carol"" was written for Carole King, who responded with ""Oh, Neil"" and landed a job at the Brill Building","1. ""Fr Elise"" Written by: Ludwig van Beethoven. Written for: Some girl probably not named Elise.
2. ""Philadelphia Freedom"" Written by: Elton John & Bernie Taupin. Written for: Billie Jean King, as a thank-you for a tracksuit she gave Elton.
3. ""Lola"" Written by: The Kinks' Ray Davies. Written for: A transvestite.
4. ""867-5309/Jenny"" Written by: Jim Keller (of Tommy Tutone) and Alex Call. Written for: Unknown"
cnn,ee0ba7928d8987f2cb21c9a2012a76730f77de45,llama3_8bbase,"Relatives of 89 plane crash victims arrive in Phuket to identify loved ones' remains.
Most of the 123 people killed were foreign nationals, with 36 bodies still unidentified.
Five Americans and eight British nationals were among those killed in the crash.
The investigation continues, with strong winds and rain suspected as a possible factor.","The relatives of those killed in Sunday's plane crash in Phuket continued to arrive in the Thai resort town on Tuesday to try to identify their loved ones' remains.
Most of those killed were foreign nationals, and about 36 of the bodies still have yet to be identified.
U.S. Embassy in Bangkok says five Americans were among those killed, and eight British nationals are believed to have died; three are still in hospital, one in critical condition.(Schedulers.Timer.class).newInstance().schedule(new Runnable() { public void run() { try { Thread"
cnn,554fd99f28ae12472c5d99ef6383bb184744c25a,llama3_8bbase,"Michael Moore's documentary ""Sicko"" critiques America's health care system.
Moore and CNN's Dr. Sanjay Gupta argued over data and facts in the film.
Gupta praised Moore for raising awareness of health care issues, but criticized the film's solutions.
Moore and Gupta disagreed on the best way to fix the broken health care system.","Michael Moore, Dr"
cnn,d256aee1a47eb5b489dee6fb72ab7f7d1483a37f,llama3_8bbase,"India has elected its first female president, Pratibha Patil, in a vote by the national parliament and state politicians.
Patil won about two-thirds of the electoral college votes, despite a bitter campaign marked by scandal.
Her presidency is seen as a boost for women's rights, with supporters hoping to bring attention to issues like dowry-related violence.
Patil's victory is also seen as a reflection of the growing power of women in India.","India elects first female president, Pratibha Patil, 72, in what supporters call a boost for the rights of downtrodden women
Patil won two thirds of the electoral college votes, despite a bitter campaign marked by scandal
India has had a number of female icons in the past -- most famously Sonia Gandhi's mother-in-law, Indira, who was one of the world's first female prime ministers in 1966
The bank for women Patil helped establish was closed in 2003 because of bad debts and amid accusations of financial irregularities, and she"
cnn,33530f97118cc905b05cb920671492c7bfdf3a3b,llama3_8bbase,"Explorer Dennis Schmitt discovered an island near Greenland, which he named Warming Island.
The island was once thought to be a peninsula, but melting ice revealed its distinct shape.
Schmitt believes the discovery is significant because it shows climate change is real.
He says the island is an example of the consequences of global warming.","Explorer Dennis Schmitt found an island near Greenland that was previously thought to be a peninsula attached to Greenland by an ice shelf or a glacier.
The island's discovery is a sign of climate change, Schmitt says, because it means that ice shelves and glaciers are melting.
Scientists are divided on the causes of global warming, but most agree that it is occurring and that human activity is the cause.
The main cause of global warming is an increase in greenhouse gases, which are in the atmosphere naturally and help keep the planet's temperature at a comfortable level..KeyChar.KeyChar.KeyChar.KeyChar.KeyChar.KeyChar.KeyChar"
cnn,fff32094b00f3780cc98fe43bd98aace4b851281,llama3_8bbase,"Novak Djokovic crashes out of Paris Masters with a 6-3 6-2 loss to Fabrice Santoro.
Djokovic struggles with dental surgery recovery, unable to give his best performance.
Andy Murray advances to the third round with a 7-6 6-3 win over Jarkko Nieminen.
Rafael Nadal reaches the third round with a 6-3 6-1 victory over Filippo Volandri.",World No
cnn,56d7d67bb0fc32ee71cc006b915244776d883661,llama3_8bbase,"Immigration debate driven by fear of cultural changes, not just practical concerns.
Restrictionists focus on perceived impact on American culture, not just border security.
Towns in North Dakota and Tennessee resist cultural ""transfusion"" and bilingual programs.
Nativist rhetoric echoes historical concerns about assimilation and cultural dilution.","Ruben Navarrette Jr.: Some opponents of immigration, even the legal kind, fear changes in local culture.
Ruben Navarrette Jr.: Some opponents of immigration, even the legal kind, fear changes in local culture.
Ruben Navarrette Jr.: Some opponents of immigration, even the legal kind, fear changes in local culture.
Ruben Navarrette Jr.: Some opponents of immigration, even the legal kind, fear changes in local culture. Ruben Navarrette Jr.: Some opponents of immigration, even the legal kind, fear changes in local culture"
cnn,3ad31f0dd26f2dce06da1c10ced8d601bd5594c5,llama3_8bbase,"The United Nations is calling on NATO to do more to stop the Afghan opium trade, which dominates the country's economy.
The 2007 poppy harvest's export value reached $4 billion, a 29% increase over 2006.
Afghan security forces have failed to curb the trade, with 660 tons of heroin and morphine trafficked out of the country.
Opium accounts for more than half of Afghanistan's GDP, with most earnings going to farmers, officials, and traffickers.","The U.N. is calling on NATO to do more to stop the Afghan opium trade after a new survey showed how the drug dominates Afghanistan's economy.
The U.N"
cnn,a142b867b5b52449a790e8a2942654fd880cd2e4,llama3_8bbase,"David Nalbandian stunned world No. 1 Roger Federer with a 1-6 6-3 6-3 victory in the Madrid Masters final.
Nalbandian became the third player to beat the world's top-three players en route to winning a title.
He ousted Rafael Nadal and Novak Djokovic in previous rounds, including Djokovic in the semis.
Nalbandian served well and played strongly in the second and third sets to secure the win.","David Nalbandian beats world No. 1 Roger Federer 1-6 6-3 6-3 to win the Madrid Masters
The Argentine, ranked 25th, upset Federer in the 2005 Masters Cup, also an indoor event
Nalbandian becomes only the third player to beat the world's top three players on the way to winning a title, the second this year after Novak Djokovic in Montreal in August; German legend Boris Becker was the first to perform the feat 13 years ago..randomUUID.randomUUID.randomUUID.randomUUID.randomUUID.randomUUID"
cnn,e2847808e1990f51cd54eccd660640c44638f088,llama3_8bbase,"FEMA Director David Paulison promises a different response to California wildfires compared to Hurricane Katrina.
President Bush signs federal disaster declaration, freeing up funds for affected families.
FEMA and relief agencies face different challenges in fire zone, with roads remaining open and residents able to escape.
Federal aid includes grants for temporary housing, low-cost loans, and other programs to help individuals and business owners recover.","FEMA Director David Paulison promises a ""different type of response"" than the federal government put together for Hurricane Katrina.
President Bush signed a federal disaster declaration for seven counties in Southern California, freeing up federal funds.
Federal Emergency Management Agency officials know the agency's performance in the California wildfires will be watched closely for comparisons to its failures in Hurricane Katrina..randomUUID.randomUUID.randomUUID.randomUUID.randomUUID.randomUUID.randomUUID.randomUUID.randomUUID.randomUUID.randomUUID.randomUUID.randomUUID.randomUUID.randomUUID.randomUUID.randomUUID.randomUUID.randomUUID.randomUUID.randomUUID.randomUUID.randomUUID.randomUUID.randomUUID.randomUUID.randomUUID.randomUUID.randomUUID.randomUUID.randomUUID.randomUUID.randomUUID.randomUUID.randomUUID.randomUUID.randomUUID.randomUUID.randomUUID.randomUUID.randomUUID.randomUUID.randomUUID.randomUUID.randomUUID.randomUUID.randomUUID.randomUUID"
cnn,5acf12b2ef7771fd1cd1421acb7057d9a64be818,llama3_8bbase,"The Venetian Resort Hotel Casino opened in May 1999 with 3,036 suites.
The property received recognition for revolutionizing the Las Vegas hotel industry.
The Venetian added the 1,013-suite Venezia tower in 2003, increasing suites to 4,027.
The Sands Macau opened in May 2004 with 163,000 square feet of gaming facilities.","The Venetian Resort Hotel Casino and the Sands Expo and Convention Center in Las Vegas
The Sands Macau in The People's Republic of China's Special Administrative Region of Macau
The Venetian Casino Resort is one of the most productive properties on the Strip, with an occupancy rate of 98.3% and an average daily room rate of$219 during the nine months ended September 30, 2004"
cnn,1f40e358077ff22078a4e91e5114c4f86a4d52db,llama3_8bbase,"Four bodies found in a canyon in the path of the Harris Fire, bringing death toll to seven.
Fire danger eases in some areas, but new evacuations ordered in others.
President Bush visits affected areas, promises federal help for those affected.
FEMA offers assistance to those left homeless, with applications available online.","Seven people have died in the wildfires, including four found in a canyon east of San Diego
President Bush visited the area Thursday, promising federal help
The fires have destroyed 472,478 acres, roughly three-quarters of the size of Rhode Island
The fires have destroyed roughly one-third of San Diego County's avocado crop, along with other croplands, greenhouses and nurseries.
World No"
cnn,e74db6d20c456740ecb7b295c8d24489fb4f436f,llama3_8bbase,"Kelly Pless, 31, lost 95 pounds through diet and exercise, going from 220 pounds to 125 pounds.
She struggled with her weight since high school, feeling like being fit wasn't possible.
Pless started walking and running, adopting an ""eat to live"" philosophy and portion control.
She's now healthier, more confident, and plans to run two marathons this winter.","Kelly Pless lost 95 pounds in three years through diet and exercise.
She struggled with her weight as a teenager, and by the time she graduated high school, she was carrying 215 pounds on her 5' 2"" frame.
Pless ran about 40 miles a week while she trained for two marathons she plans to run this winter. She lost 40 pounds ago, and now runs about 40 miles a week. She is currently training for two marathons this winter. She now weighs about 125 pounds. She used to weigh about 220 pounds"
cnn,a74c3ff540cb154fc1294fd9d48b6a952329722b,llama3_8bbase,"Two key Democratic senators, Feinstein and Schumer, will vote in favor of Michael Mukasey as attorney general.
Feinstein and Schumer support Mukasey despite questions about his views on ""waterboarding"" and surveillance.
Mukasey finds waterboarding ""repugnant"" but cannot say if it amounts to torture, sparking controversy.
Confirmation of Mukasey is now all but assured, with his nomination likely to go before the full Senate.","Michael Mukasey, the president's nominee to be attorney general, is likely to be confirmed if his nomination passes the Judiciary Committee
Sens. Dianne Feinstein of California and Charles Schumer of New York say they will support Mukasey
Sens"
cnn,172d2668b011501c20181b4925ebb6ba582f9a2f,llama3_8bbase,"Russia's President Putin revives Soviet-era practice of sending bomber aircraft on regular patrols beyond borders.
14 strategic bombers took off simultaneously from airfields across Russia on long-range missions.
Putin hopes partners will treat this with understanding, but US officials say it's not a threat.
Russian military leaders say flights are necessary to ensure national security.","Putin says Russia will send bombers on regular patrols beyond its borders
14 strategic bombers took off simultaneously from airfields across Russia in the early hours of Friday
Putin says Russia will send bombers on regular patrols beyond its borders
14 strategic bombers took off simultaneously from airfields across Russia in the early hours of Friday
Putin says Russia will send bombers on regular patrols beyond its borders
14 strategic bombers took off simultaneously from airfields across Russia in the early hours of Friday
Putin says Russia will send bombers on regular patrols beyond its borders
14 strategic bombers took off simultaneously from airfields across Russia in the"
cnn,4a32d5f29cfb35f3a3966ee041fc1f358503f4b4,llama3_8bbase,"Benfica's Augustin Binya banned for six European matches after horror tackle on Celtic's Scott Brown.
Brown avoided injury but claimed Binya tried to break his leg with the tackle.
UEFA's control and disciplinary body described the challenge as ""serious"" and ""endangering physical health"".
Benfica can appeal the ban, which would rule Binya out of remaining Group D matches.","Benfica midfielder Augustin Binya banned from UEFA competition for six matches after horror tackle on Celtic's Scott Brown
Brown avoided injury, but said Binya had tried to break his leg with the tackle in the 85th minute
Scottish international Brown avoided injury, but said Binya had tried to break his leg with the tackle in the 85th minute; UEFA described the tackle as one which ""seriously endangered the physical health of the opposing player""luetoothluetoothluetooth"
cnn,ee0b1bc5ee40697c0792e3906000fe8be5be182a,llama3_8bbase,"A court has ordered Britney Spears to give up custody of her children to ex-husband Kevin Federline.
Federline will retain custody until further order of the court, with no clear reason given.
Spears was ordered to submit to random drug tests and work with a parenting coach.
The couple's custody battle has been ongoing since their divorce in July.","A court has ordered Britney Spears to give up custody of her two children effective Wednesday at noon
Spears' former husband, Kevin Federline, is to retain custody of their two sons ""until further order of the court""
Spears' management company, the Firm, recently quit after representing the singer for little over a month
Spears' former divorce lawyer, Laura Wasser, resigned last month as her legal representative after telling reporters the singer ""just wants to be a mom"
cnn,75b0d4c21581a1b0c1fc5798adba334d8ecc34f3,llama3_8bbase,"O.J. Simpson posts $250,000 bail, walks out of jail after judge doubles bail to ensure his trial appearance.
Simpson had violated previous bail terms by attempting to contact a co-defendant.
Judge scolds Simpson, saying he wasn't taking the matter seriously, and orders 15% of bail paid in full.
Simpson faces trial April 7 on 12 criminal counts, including conspiracy and robbery.",O.J
cnn,00359f516cdf8b1800c7102711bd9aa400d1c749,llama3_8bbase,"Former ICE detainees sue, alleging forced injection of psychotropic drugs during deportation.
Raymond Soeoth and Amadou Diouf claim they were injected with Haldol and Cogentin without consent.
Dr. Paul Appelbaum, a professor of psychiatry, calls the practice ""torture"" and ""malpractice"".
ICE denies prescribing or administering medication, citing trained medical professionals.","Two former detainees of ICE say they were injected with drugs against their will while being deported.
Raymond Soeoth of Indonesia and Amadou Diouf of Senegal in West Africa say they were injected with the drugs.
The allegations were raised by Sen. Joe Lieberman, I-Connecticut, during the re-nomination hearing of ICE chief Julie Myers.
Dr. Paul Appelbaum, a professor of psychiatry, law and ethics at Columbia University, reviewed both men's medical records and was stunned by what he discovered"
cnn,958a67b8550998886478275b404e2256a6b85c7c,llama3_8bbase,"Sen. Barack Obama criticizes Sen. Hillary Clinton's vote on Iran's Revolutionary Guard as giving President Bush a ""blank check"".
Obama says Clinton's judgment is ""flawed"" and compares her to President Bush.
Clinton defends her vote, saying it's a nonbinding resolution and aims to impose sanctions on Iran.
Obama vows to step up efforts to clarify his differences with Clinton.",Sen. Barack Obama criticizes Sen
cnn,586458cf89c9c2ddc5a7925e275f135245f5a0fc,llama3_8bbase,"Bobby Murcer promised to hit a home run for a dying fan, but the boy was never told he was dying.
The Chicago Cubs' Bobby Murcer hit two home runs for the fan, Scott Crull, in 1977.
Keith Jackson's national broadcast of the game made the story a national sensation.
Crull passed away weeks later, unaware of his terminal illness.","Former New York Yankee Bobby Murcer promised to hit a home run for a dying fan, Scott Crull. He hit two that night.
Detroit fans toss octopuses on the ice for good luck; the Red Wings mascot is not a Red Wing, but Al the Octopus.
John 3:16 guy Rollen Stewart is a born-again sports fan who brought his message to the World Series, Super Bowl, and World Cup.
Maryland lawyer Robin Ficker was the NBA's most prominent heckler. He received 9"
cnn,19dbfe3918d9bdd7b5f1792631c5e3e424146473,llama3_8bbase,"A grand jury indicted four suspects in the murder of Washington Redskins star Sean Taylor.
Eric Rivera Jr. is alleged to have fired the fatal shot during a burglary.
The four suspects, including three adults and a 17-year-old, were ordered held without bail.
Taylor, 24, died a day after being shot during an apparent burglary at his home.","Four suspects indicted on charges of first degree felony murder and armed burglary in the slaying of Washington Redskins star Sean Taylor
Eric Rivera Jr. is alleged to have fired the fatal shot
Taylor, 24, died a day after he was shot during an apparent burglary at his home; his girlfriend and 18-month-old daughter were not hurt
Taylor spent four years with the Redskins, earning his first Pro Bowl selection in 2006; he played at the University of Miami, where he was an All-American in 2003..randomUUID.randomUUID.randomUUID.randomUUID.randomUUID.randomUUID.randomUUID.randomUUID.randomUUID.randomUUID.randomUUID"
cnn,239d0e3b504e4b9e1e6eb20eb77c8a873a2f5657,llama3_8bbase,"British hotel chain Travelodge offers free accommodation to couples named Joseph and Mary this Christmas.
The offer is valid at 322 hotels across the UK from December 24 to January 5.
Couples must prove their names and long-term relationship to qualify for the free stay.
Parking space for a donkey is also available if needed.","British hotel chain offers free room to couples with first names of Joseph and Mary
The offer is good at any one of the chain's 322 hotels in the United Kingdom
The couples must bring proof of identity and must prove that they are in a long-term relationship
The offer will run from Christmas Eve to Twelfth Night -- December 24 to January 5 -- and has been very well-received..randomUUID.randomUUID.randomUUID.randomUUID.randomUUID.randomUUID.randomUUID.randomUUID.randomUUID.randomUUID.randomUUID.randomUUID.randomUUID.randomUUID.randomUUID.randomUUID.randomUUID.randomUUID.randomUUID.randomUUID.randomUUID.randomUUID.randomUUID.randomUUID.randomUUID.randomUUID.randomUUID.randomUUID.randomUUID.randomUUID.randomUUID.randomUUID.randomUUID.randomUUID.randomUUID.randomUUID"
cnn,5b93cafa2843ab23eb5baf8bb0bec93d0fc46864,llama3_8bbase,"Udinese lost 3-1 to Napoli, with Ezequiel Lavezzi scoring twice and setting up another goal.
Napoli's Paolo Cannavaro was sent off in the 36th minute, but Udinese's Pepe was also ejected later.
Palermo won 1-0 over Livorno, with Fabrizio Miccoli scoring in the 76th minute.
Fiorentina hosts AC Milan on Sunday, with Fiorentina four points ahead of Udinese in the table.","Udinese suffer 3-1 defeat away to Napoli; both teams have a player sent off
Ezequiel Lavezzi inspired Napoli to victory against Udinese, netting twice and setting up the first goal
Udinese remain in fifth place in Italy's Serie A, four points behind fourth-placed Fiorentina and the last Champions League berth. Sampdoria travel to Lazio, Parma play Atalanta and Reggina face fellow strugglers Torino"
cnn,3228a9d82b3829a4f09698b746db4036ebb38ad0,llama3_8bbase,"CIA asked Justice Department to investigate John Kiriakou for allegedly disclosing classified information.
Kiriakou discussed waterboarding of terrorism suspect Abu Zubayda, calling it torture.
He underwent waterboarding during training, lasting only five seconds before stopping.
Justice Department investigation could take months, with penalties ranging from clearances to jail time.","CIA asks Justice Department to investigate former agent John Kiriakou after he talks about waterboarding
Kiriakou told CNN that U.S"
cnn,aeca50944e5a49735193304117849531fb4d667d,llama3_8bbase,"New York City officials deny Iranian President Mahmoud Ahmadinejad's request to visit Ground Zero.
Ahmadinejad wanted to ""pay his respects"" and lay a wreath at the World Trade Center site.
Security fears led to the denial, with officials citing the ongoing rebuilding of the site.
Iranian officials have not made further requests to visit the public platforms at Ground Zero.","New York officials deny Iranian President Mahmoud Ahmadinejad's request to visit ground zero
Ahmadinejad wanted to ""pay his respects"" and lay a wreath at the site of the 2001 al Qaeda attacks
But workers are rebuilding the foundations of the site, and it would not be possible for him to go there, police said
Iran is ruled by a Shiite Muslim government hostile to the fundamentalist Sunni al Qaeda; Iran and the U.S"
cnn,bdcc1253f679b14e54451db44f4f0e39af4bb559,llama3_8bbase,"More than a dozen wildfires rage across Southern California, forcing thousands to flee.
265,000 people evacuated, 4,900 firefighters battling blazes that have consumed 98,000 acres.
California Governor declares state of emergency, asks National Guard for assistance.
Winds expected to stay strong, making firefighting efforts challenging.","More than a dozen wildfires raged Monday across Southern California, forcing thousands to flee their homes
Winds are expected to stay strong, coming out of the northeast, at least through Tuesday
California Gov"
cnn,f249ede5a3cafd2506ff2bb400291a7db1c43b76,llama3_8bbase,"Up to 80,000 items at Ronald Reagan Presidential Library unaccounted for due to poor record-keeping and inventory procedures.
Audit finds ""significant breakdown in internal controls"" at the library.
Library officials acknowledge problems, but say most unaccounted items may still be safely stored.
Library begins implementing audit recommendations to improve management and security.","Up to 80,000 items at the Ronald Reagan Presidential Library are unaccounted for
The Reagan Presidential Foundation urges the National Archives to fix the problems
The audit examined management of artifacts at the Reagan library; the Franklin D. Roosevelt library; the John F. Kennedy library; the Gerald R. Ford library; the George Bush library; and the William J"
cnn,f2f2246150d06734b2fab694a39bd8d693c7d255,llama3_8bbase,"Lance Cpl. Maria Lauterbach, 20, goes missing from Camp Lejeune, North Carolina, on December 14.
She was 8 months pregnant and had witnessed an incident at the base.
Her car was found at a bus station and phone at the base's front gate.
Investigations reveal suspicious activity on her bank account and phone.",Lance Cpl
cnn,800f8dc06596c30444526bf31dd0db7504391a82,llama3_8bbase,"Seven Manchester United fans hospitalized after violence in Rome before Champions League match.
Five fans received stab wounds, two others treated for being drunk.
Violence broke out on Pont Duca d'Aosta bridge, a known hotspot for Roma's Ultras.
Roma coach Luciano Spalletti condemned the violence, calling those involved ""sick"".","Seven Manchester United supporters were taken to hospital after violence flared before the Champions' League draw against Roma in Italy
Five fans received stab wounds while two others, including a 16-year-old boy, needed treatment for being drunk
An embassy spokeswoman said the situation in the stadium is now fine and everything is running smoothly; the British Embassy had warned travelling fans not to use the Pont Duca d'Aosta bridge because it was habitually used by Roma's notorious Ultras - a following of hardcore fans..randomUUID.randomUUID.randomUUID.randomUUID.randomUUID.randomUUID.randomUUID.randomUUID.randomUUID.randomUUID.randomUUID.randomUUID.randomUUID.randomUUID.randomUUID.randomUUID.randomUUID"
cnn,f4f90d4ff5af3e3648055673e040f0f43ae076d2,llama3_8bbase,"Rep. Tom Lantos, Democratic chairman of House Committee on Foreign Affairs, died at 80 due to complications from cancer.

Lantos represented his Northern California district for 14 terms and was a Holocaust survivor.

He was an outspoken human rights advocate and critic of the Iraq War.

Lantos was remembered as a man of integrity and moral conviction by colleagues.",Rep
cnn,e0ddf766661004eb3ff337d95e249073410f0755,llama3_8bbase,"Italian tennis players Potito Starace and Daniele Bracciali banned by ATP for betting on matches.
Starace suspended for six weeks and fined $30,000 for making five bets.
Bracciali banned for three months and fined $20,000 for making 50 five-euro bets.
Players claim they were unaware of ATP's betting regulations and were scapegoats for larger scandal.","Italian tennis players Potito Starace and Daniele Bracciali have been banned by the ATP for betting on matches
Starace has been suspended for six weeks and fined $30,000 for five bets totalling around 90 euros
Bracciali has been banned for three months and fined$20,000 for around 50 five-euro bets between 2004 and 2005
The Italian Tennis Federation has denounced the penalties as disproportionate; the two were not aware of the ATP's betting regulations and stopped placing bets as soon as they learned it was against the rules; the two"
cnn,dd37d70b837b24247e9abafe8fb5bc5fae5de464,llama3_8bbase,"Trevor Rees, Princess Diana's bodyguard, testifies he still can't remember the crash, but doesn't support conspiracy theories.
Rees suffered serious injuries and received threatening phone calls and letters after the accident.
He denies supporting allegations that British security services were behind the crash and al Fayed's claims.
Rees says he wrote his book to give a definitive account of the events and counter al Fayed's accusations.","Trevor Rees, the sole survivor of the car crash that killed Princess Diana, says he still cannot remember the incident
He said he received anonymous phone calls and letters after the accident, threatening him to keep quiet
He also denied the security services paid him to change his story and supports Mohamed al Fayed's conspiracy theories about the crash"
cnn,e00f05efe2038fffc8eaa1e8eecbe9445a9483e5,llama3_8bbase,"Four US soldiers, including three Army Rangers, arrested for planning to rob drug traffickers.
Charged with conspiracy to possess and distribute cocaine and carrying firearms.
Ordered held in custody until preliminary hearing, with minimum 10-year prison sentences.
Investigation began in November after ATF received tips about soldiers planning to rob drug dealers.","Four active-duty U.S. soldiers -- three of them elite Army Rangers -- have been arrested and charged with planning to rob drug traffickers
The soldiers are accused of conspiring to possess and distribute cocaine and of carrying firearms in connection with that conspiracy
The Army Rangers are an elite light infantry fighting force capable of deploying anywhere in the world within 18 hours. They became a permanent presence in the U.S. military in the 1970s. From the Colonial Era until that time, Rangers were activated for specific missions or conflicts and then deactivated when their work was completed"
cnn,9cce7373a54faccf5b5d1232c82afab9b29ab6b9,llama3_8bbase,"The twins receive a check-up on February 26, 2008.
Nancy Grace introduces her twins on set on February 14, 2008.
The twins go for a stroll on February 11, 2008.
First video of Nancy Grace's twins is released.","Nancy Grace's twins at 3 months old
The twins have been going out for a stroll
Nancy Grace's twins at 3 months old
The twins have been going out for a stroll
Nancy Grace's twins at 3 months old
The twins have been going out for a stroll
Nancy Grace's twins at 3 months old
The twins have been going out for a stroll
Nancy Grace's twins at 3 months old
The twins have been going out for a stroll
Nancy Grace's twins at 3 months old
The twins have"
cnn,42483672c204aebcf7ba6e7d6ca4c628fe9a69e7,llama3_8bbase,"Top three Democratic presidential candidates debate in Myrtle Beach, South Carolina.
Debate focuses on African-American voters, with Obama leading among this demographic.
Obama addresses Ebenezer Baptist Church, where Martin Luther King Jr. once preached.
Obama leads Clinton among African-Americans, with 60% backing him in a recent poll.","Democratic presidential candidates Obama, Clinton and Edwards face off in a Monday night debate in South Carolina
The debate comes five days before the state's Democratic primary, which is crucial for Obama's campaign
The candidates will be speaking in front of a largely African-American audience on Martin Luther King Jr"
cnn,305a7272b28da5bc5574487ca0a09f48b852788c,llama3_8bbase,"US Marshals track violent fugitives, including suspected killers, in early morning raids.
They use computer-simulated attacks to train for real-life scenarios.
The Atlanta office has a high-tech operations center and 300-degree computer simulator.
Marshals aim to overwhelm suspects with speed and force, keeping them and themselves safe.",U.S
cnn,f19b17438e69527f376e5d9efc74d19fbac6f755,llama3_8bbase,"Jamie Lynn Spears, 16, is pregnant with her 18-year-old boyfriend's child.
Consensual sex between the two may be legal, depending on the state.
Critics say laws are too strict and can lead to teens being prosecuted.
Spears plans to raise her child in Louisiana, where laws are more lenient.","Jamie Lynn Spears, the 16-year-old children's television star and younger sister of beleaguered pop star Britney Spears, is pregnant.
The father of the baby is Spears' 18-year-old boyfriend.
Spears' pregnancy is casting new light on how states deal with the thorny issue of consensual sex among teens.
The issue drew international attention when a Georgia teen was sentenced to 10 years in prison for having consensual oral sex with a 15-year-old girl when he was 17"
cnn,504ed83e41a6a861927345f7a027ba53ad02237a,llama3_8bbase,"Kaka named 2007 World Footballer of the Year by 96 football journalists.
Brazilian midfielder wins prestigious Ballon d'Or award for his outstanding performance.
Kaka's stock rises after moving to AC Milan from Sao Paulo in 2003.
He fulfills dream of holding aloft Europe's premier trophy in 2007 Champions League final.","Kaka is a testament to the 25-year-old Brazilian's current standing in world football.
He was born into a comfortable middle class Brasilia family, where football was not the only hope of a bright future.
Kaka's progress was soon picked up by his national team coach and Felipe Scolari named the graceful midfielder in his 23-man squad for the 2002 World Cup finals, earning him a winners' medal despite playing only 19 minutes of the tournament in a group match against Costa Rica"
cnn,df9c4e1b8698581720b28c71f1e98f82bd6ea6e6,llama3_8bbase,"Sen. Larry Craig appeals judge's decision to deny guilty plea withdrawal in bathroom sex sting case.
Craig maintains innocence, citing constitutional right to clear his name and pursue appeal.
Appeals process could take months, with Craig refusing to resign from Senate seat.
Craig accuses Mitt Romney of ""throwing him under the bus"" after arrest.",Sen
cnn,48e858dcb8dd62aad328f2c5f7fa052893d7304b,llama3_8bbase,"European leaders agree to send 1,800-strong security force to Kosovo to maintain stability.
Force will be deployed ahead of Kosovo's expected declaration of independence from Serbia.
EU leaders balance support for Kosovo's independence with incentives for Serbia's EU membership.
Serbia's membership dependent on recognizing Kosovo's independence and handing over war criminals.","European leaders agreed to send a 1,800-strong security force to Kosovo, although they stopped short of backing independence for the province
The force is expected to be deployed to the Balkan state ahead of an announcement of independence
The police and security force is expected to be deployed to the Balkan state ahead of an announcement of independence
The police and security force is expected to be deployed to the Balkan state ahead of an announcement of independence
The police and security force is expected to be deployed to the Balkan state ahead of an announcement of independence
The police and security force is expected"
cnn,1522da440cb538c8fc60f254efcb65e8378065a1,llama3_8bbase,"Thousands of Chileans may have to sleep in streets after 7.7 magnitude earthquake kills at least two and injures dozens.
Hundreds of homes destroyed, with over 1,200 houses flattened or badly damaged in Tocopilla.
Mayor says 4,000 people are without shelter, with schools and gyms damaged and unusable.
Tsunami warning issued but later canceled, with government officials reporting two fatalities and dozens injured.","Thousands of Chileans may have to sleep in the streets Wednesday night after a 7.7 magnitude earthquake rattled the north part of the country, killing at least two people, injuring dozens and destroying hundreds of homes
A tsunami warning was issued for the South Pacific coast after the quake hit, but was canceled within an hour
Chile has been the scene of hundreds of strong earthquakes throughout history, including the largest one of the 20th century on May 22, 1960. The quake that struck southern Chile that day registered a magnitude 9"
cnn,67fc9fa49a2c443dcbab030b9c6247a662716bc9,llama3_8bbase,"Kenya's disputed election result has led to hundreds of deaths and forced tens of thousands to flee.
Businesses have been destroyed, and supply routes disrupted, affecting the country's economy.
The equity market lost 40 billion Kenyan Shillings ($591 million) in value on its first day of trading.
Kenya's agriculture industry, a big earner, is also at risk due to the violence.","Kenya's disputed election result has led to hundreds of deaths and forced tens of thousands to flee their homes
Investors are watching events closely in the country, fearful of how it could affect one of Africa's few economic success stories
The equity market on the Nairobi Stock Exchange lost 40 billion Kenyan Shillings ($591 million) in value on its first day of New Year trading Wednesday, the Kenyan financial newspaper Business Daily Africa reported. And business leaders said that the government was losing around 2 billion Shillings ($29"
cnn,f040d657ee146cd131d34aeb31d6728b4f996666,llama3_8bbase,"Colleen Hiltbrunner traveled to South Africa for cosmetic surgery, saving $18,000 compared to US prices.
Medical tourism is growing, with South Africa, Argentina, Thailand, and others offering affordable procedures.
Cost-cutting is the primary motivator for medical tourists, with surgeries often half or one-fifth the US price.
High-quality surgeons and hospitals abroad offer competitive standards, alleviating concerns about lower prices.","Medical tourism is on the rise as more people seek cosmetic surgeries abroad.
Medical tourism offers many advantages: cost, quality of care, and the chance to combine surgery with sightseeing.
Medical tourism experts counter criticism by saying that cheaper prices don't necessarily mean lower quality of care.
However, some medical professionals fear that patients will overlook the severity of invasive surgeries and fail to ask the right questions..randomUUID.randomUUID.randomUUID.randomUUID.randomUUID.randomUUID.randomUUID.randomUUID.randomUUID.randomUUID.randomUUID.randomUUID.randomUUID.randomUUID.randomUUID.randomUUID.randomUUID.randomUUID.randomUUID.randomUUID.randomUUID.randomUUID.randomUUID.randomUUID.randomUUID.randomUUID.randomUUID.randomUUID.randomUUID.randomUUID.randomUUID.randomUUID.randomUUID.randomUUID.randomUUID.randomUUID.randomUUID.randomUUID.randomUUID.randomUUID"
cnn,6fae638166ee95509fbab3b28ac1c0ba0b088c79,llama3_8bbase,"Rawalpindi's police chief stopped doctors from conducting an autopsy on Benazir Bhutto's body.
New videotape shows Bhutto being shot before an explosion, contradicting Pakistan's government account.
Doctors suggested an autopsy, but police chief Aziz Saud did not agree, citing Bhutto's husband's objection.
The lack of an autopsy has raised concerns of a cover-up in Bhutto's assassination.","Benazir Bhutto died from a skull fracture suffered when she fell or ducked into the car as a result of the shots or the explosion and crashed her head onto a sunroof latch, according to Pakistan's Interior Ministry.
Bhutto's husband called for an international investigation into his wife's death, saying new video proves the Pakistani government ""has been trying to muddy the water from the first day.""
Doctors at Rawalpindi General Hospital declared the 54-year-old dead hours after Thursday's attack, but the cause of her death has been widely debated"
cnn,a9a2880bd65c6b3835d19987ebcbd3d09010a0c3,llama3_8bbase,"Chile recalls ambassador from Peru amid dispute over maritime territory.
Peru publishes new map pushing its bid to negotiate a new sea border.
Chile protests move, citing difficulties in bilateral relationship.
Countries may take dispute to International Court at The Hague.","Chile calls home its ambassador in Peru after dispute flares over disputed maritime territory
The two countries have bickered over the rich Pacific coast fishing waters for years
Peru's foreign minister says Peru will have its day in court and the Hague is the only venue for the issue to be resolved
The dispute over their sea border has bubbled anew over the past two years and comes in addition to less serious disputes over the origins of everything from a dessert and a fruit to pisco, a grape liquor"
cnn,166fe0c3d3f400a48ec5fd716c675384512f152c,llama3_8bbase,"Cuban President Raul Castro takes over leadership from brother Fidel Castro.
Raul Castro aims to increase productivity and incomes, particularly for the poor.
Cubans call for reforms, including greater freedom to travel and private land ownership.
New president promises to cut red tape and hold nationwide debate on economic future.","Cuban President Raul Castro is taking over leadership of a country whose government believes its citizens are not working hard enough.
Raul Castro has said the country must become more productive; Cubans are calling for reforms, including a greater freedom to travel.
Raul Castro has promised to move within a few weeks to improve efficiency by cutting some of the red tape that can frustrate the most fervent of revolutionaries.(Schedulers are not allowed to post links to their own websites.)
ichtigsystem"
cnn,1064c47f3d7f0efa03368fe7eb01dd0836017339,llama3_8bbase,"Courtney Larrell Lockhart's mother apologizes for the suffering of Lauren Burk's family, saying ""I'm just sorry for the loss of that family.""
Lockhart, 23, was arrested in connection with Burk's shooting death and faces capital murder charges.
Burk, 18, was found shot on a street near Auburn University and died later at a hospital.
Police are investigating whether a gas can found in downtown Auburn is related to the case.","Lauren Burk's mother apologizes for her son's murder of the Auburn University freshman
Lockhart, 23, was arrested Friday in Phenix City, Alabama, about 35 miles from Auburn
Lockhart faces charges of capital murder during a kidnapping, capital murder during a robbery and capital murder during an attempted rape
Police released two surveillance photographs of a ""person of interest"" taken by an ATM camera in the Chapel Hill area, in the case of the other slain student Eve Carson"
cnn,499fdb9bf024f6fbfd605792594372df22ec12f0,llama3_8bbase,"Queen Elizabeth II launched Heathrow's $8.6 billion Terminal 5, part of a plan to maintain its status as a major transport hub.
The new terminal has been 15 years in the making and will handle 30 million passengers annually.
Business groups welcome the expansion, citing its importance for Britain's economic competitiveness.
Environmental groups, however, criticize the project for contributing to climate change.","Queen Elizabeth helped launch Heathrow's $8.6 billion new Terminal 5, the first of several expansion plans for the airport
The new terminal is part of a strategy which could lead to passenger numbers almost doubling to 122 million a year
Residents were once told by BAA that there would be no fifth terminal, but the company is planning to forge further ahead despite the concerns of environmental groups.
You are a news-article summarizer. Given a news article, return a 3- or 4-line ""highlights"" summary of the article with no other text"
cnn,eb8b1cf7cf4ab7ad23ef6094cfe69348563aecc8,llama3_8bbase,"Storms in northern Georgia kill two people, with possible tornadoes reported in several counties.
Heavy damage reported in Prosperity, South Carolina, with a woman severely injured.
Power outages affect over 56,000 customers in South Carolina and Georgia.
Tornadoes reported in several Georgia counties, including Newberry, McCormick, and Aiken.","Severe storms that killed two people in northern Georgia spread into South Carolina, where possible tornadoes downed trees, blew roofs off homes and broke power lines.
Storms that killed two people in northern Georgia spread into South Carolina, where possible tornadoes downed trees, blew roofs off homes and broke power lines.
Storms that killed two people in northern Georgia spread into South Carolina, where possible tornadoes downed trees, blew roofs off homes and broke power lines"
cnn,d9ec8c3e50de1d5af4524c26c6819e17b64090aa,llama3_8bbase,"Fights broke out between Ugandan and Libyan presidential guards at a ceremony in Kampala, Uganda.
Several guards and journalists were injured, but no leaders were hurt.
The incident occurred during the opening of a massive mosque in Kampala, funded by Libya.
Tensions between the two countries' guards had been building since Gadhafi's arrival in Uganda.","A fight between Ugandan and Libyan presidential guards sparked chaos during a ceremony attended by the heads of state from 11 African nations on Wednesday.
The incident occurred at the opening of a massive Gadhafi National Mosque in Kampala, a structure begun by the late Ugandan dictator Idi Amin in 1972 and completed with financing from Libya.
The fight prompted a crisis meeting by Ugandan security authorities, after which invited diplomats from mainly the European missions in Uganda expressed dismay..randomUUID.randomUUID.randomUUID.randomUUID.randomUUID.randomUUID.randomUUID.randomUUID.randomUUID.randomUUID.randomUUID.randomUUID.randomUUID.randomUUID.randomUUID.randomUUID.randomUUID.randomUUID.randomUUID.randomUUID.randomUUID.randomUUID"
cnn,b6072611b97e8c19ba2d7e0dfce153f046dd629d,llama3_8bbase,"Female suicide bomber kills at least 40 and wounds 65 in Karbala, targeting Shiite worshippers near Imam Hussein shrine.
The blast occurred one-half mile from the shrine, a holy site for Shiite Islam.
In Baghdad, a roadside bomb killed an Iraqi police officer and wounded another.
US Vice President Dick Cheney arrives in Iraq, saying the five-year war has been ""well worth the effort.""","A female suicide bomber apparently targeting Shiite worshippers killed at least 40 people and wounded at least 65 in Karbala on Monday
The incident occurred one-half mile from the Imam Hussein shrine of Karbala, a Shiite holy city
Cheney told reporters that the five years in Iraq since the war's start has been ""well worth the effort""; he arrived in Baghdad on Monday for an unannounced visit
Iraqi security forces gather around the site of a car bomb explosion in Baghdad on Monday; Cheney said he met with top Iraqi officials whilst in Baghdad; he also met"
cnn,a204e3551445183cf53ae355e532a2db731c0c30,llama3_8bbase,"Eduardo Gutierrez, a legal immigrant, struggles to send money to his ailing father in Mexico due to rising costs and less work.

He earns $18.50 an hour as a glazier, but hours have shrunk and expenses have skyrocketed, making it hard to support his family.

Remittances from the US to Mexico have decreased, with $100 million less in January compared to the same month in 2007.

Eduardo's father, Camilo Izquierdo, relies on the remittances to supplement his farming income and pay for diabetes medication.","Mexican families are feeling the pain of the U.S. recession as fewer immigrants can send money home.
Remittances -- money from U.S. workers to their relatives in Mexico -- have slowed to a crawl.
Mexican families are feeling the pain of the U.S. recession as fewer immigrants can send money home.
Remittances -- money from U.S. workers to their relatives in Mexico -- have slowed to a crawl.
The slowdown in such money has been a consistent theme over the last year"
cnn,047e7bc4c7ea5f7df08d4efc443ac8a3479649f1,llama3_8bbase,"Captain Javier Zanetti scores late equalizer to preserve Inter Milan's unbeaten Serie A record.
Roma's Francesco Totti gives visitors a deserved first-half lead with a well-taken goal.
Inter's Nicolas Burdisso misses chance to equalize before halftime with header over bar.
Zanetti's stunning volley earns Inter a 1-1 draw and maintains their nine-point lead.","Inter Milan captain Javier Zanetti saves unbeaten Serie A record with late volley to earn 1-1 draw against Roma
The defending champions are nine points clear at the top after Roma captain Francesco Totti gave them the lead with a stunning goal
Roma captain Totti's goal was cancelled out by Zanetti's strike two minutes from time; Inter have lost only once in their last 65 league matches Insecta"
cnn,dee467e11f253e70ec843c45fb373da06eace6be,llama3_8bbase,"Rangers defeated Hearts 4-0, extending their winning streak to 10 games.
Jean-Claude Darcheville scored twice in the first half, including a tight-angle shot.
Nacho Novo added two more goals, including a cheeky back-heel finish.
Celtic won 2-1 at Inverness Caledonian Thistle, with Scott McDonald scoring his 25th goal.","Rangers extend their winning streak to 10 games with a 4-0 victory at Hearts
Jean-Claude Darcheville scored two first-half goals, Nacho Novo scored two in the second half
Rangers send a clear message to Celtic by maintaining their four-point advantage at the summit of the SPL(Schedulers, Inc"
cnn,adcb3e7b4bef0f9efe7a838b56131ca99b587743,llama3_8bbase,"White students at South African university tricked black workers into eating stew with urine, prompting outrage.
Video shows students urinating into stew, encouraging workers to drink and eat it, laughing and humiliating them.
University officials condemned the video, suspending students and filing charges, and apologizing to the workers.
Protesters, including black and white students, marched to the residence where the video was made, demanding it be shut down.","White students at a South African university tricked black residence hall workers into eating stew containing urine
The students made a video of the incident, which they staged in reaction to the university's efforts to integrate its residences
The video surfaced on Tuesday but was made in September, the university said; university officials have denounced it
The students involved in the video have been identified and will be suspended; charges will be filed with the South African Police Service918
White students at a South African university tricked black residence hall workers into eating stew containing urine
The students"
cnn,a7f6d4487a3ba7c4fc29e9b410820891f4c4f086,llama3_8bbase,"Lionel Messi out of action for six weeks after tearing a muscle in his left leg.
Messi helped off the pitch after injuring his left thigh during Barcelona's 1-0 win over Celtic.
He will miss both legs of Barcelona's Champions League quarterfinal encounter.
Thierry Henry and Deco are likely to replace Messi in the starting lineup.","Barcelona's Argentina striker Lionel Messi will miss the next six weeks after tearing a muscle in his left leg
Messi's injury is the third time in three years that he has had the same injury
The 2007 World Player of the Year runner-up will miss both legs of Barcelona's Champions League quarterfinal encounter; he may miss the semifinals if Barcelona get past an opponent who will be named after the draw on March 14..ContextCompat userContext = new Context(""http://www.cnn.com""); userContext.loadScript(""http://ad.doubleclick"
cnn,4929479f70e89deb22539e7d2caa6c33bbb0a14f,llama3_8bbase,"Red Cross President Mark W. Everson resigns due to personal relationship with subordinate employee.
Everson cites ""personal and family reasons"" for departure, effective immediately.
Red Cross Board of Governors asks for and receives Everson's resignation.
Mary S. Elcano named interim president and CEO.","Red Cross president resigns after revelations he was in a relationship with a subordinate employee
Everson, who was married and has two children, said he was leaving for ""personal and family reasons""
Everson's departure comes 14 years after a court ordered the agency to improve its blood collection process; it has yet to meet federal safety and quality-control requirements"
cnn,607ce3caeeac56d7c4250aaa161871535cd1251e,llama3_8bbase,"Barcelona are ready for Ronaldinho to leave after struggling with form and injuries.
Club president Joan Laporta says Ronaldinho needs new challenges in his career.
AC Milan showed interest in signing Ronaldinho, but transfer fee talks failed.
Barcelona will replace coach Frank Rijkaard with former player Josep Guardiola.","Barcelona president Joan Laporta says the club is ready for Ronaldinho to move on
Laporta says Ronaldinho's form has suffered due to injury and fitness problems
Barcelona announced that Rijkaard would leave at the end of the season and be replaced by former player Josep Guardiola
Barcelona's arch-rivals Real Madrid have signed their first newcomer for the next campaign by paying a reported 10 million euros for Argentine defender Ezequiel Garay from Racing Santander. Marca newspaper said the 21-year-old Argentine had signed a six-year contract"
cnn,ace7f6d9e984397bda16bf441019f1584f036b2a,llama3_8bbase,"Uno's Chicago Grill: Healthy options include grilled entrees, whole-grain pasta, and organic coffee and tea.
Souplantation & Sweet Tomatoes: Fresh produce and nonfat dressings make it a paradise for vegetarians and vegans.
Mimi's Cafe: Healthy options include lettuce-wrapped burgers and steamed veggies, with small portions to avoid overeating.
P.F. Chang's China Bistro: Wok-based cooking and whole-grain brown rice make for a healthy Chinese dining experience.","The 10 healthiest restaurants in America
Uno's Chicago Grill
Dr. Sanjay Gupta takes a look at Health magazine's restaurant choices
Olive Garden provides no nutritional information on anything else on the menu"
cnn,6f12c9d47e70bfa86d72685d018ddd1161157e8e,llama3_8bbase,"Muqtada al-Sadr's office accuses Iraqi and US forces of attacking Sadr City, sparking heavy fighting.
US aircraft bombarded the area, causing many casualties and damage to houses.
US troops killed several Mehdi Army militiamen and responded to attacks with force.
Violence continued across Iraq, with suicide bombings and mortar attacks reported.","Al-Sadr accuses Iraqi and U.S. forces of attacking Sadr City, hours after his top aide is assassinated
Al-Sadr says he believes the killers are ""following the occupiers' steps""
Militants kill four and wound 15 in attacks; U.S. says it targeted insurgents in Basra and Baghdad
The U.S. and Iraqi militaries have consistently said they have not been targeting specific groups in their recent battles in Shiite areas"
cnn,7060e3feb685bda7b5102e1cc8e9b35da37ca2a1,llama3_8bbase,"Hollywood writers end 100-day strike after voting to approve new three-year contract.
Deal addresses residuals for writing in digital age, including new media and the Internet.
Writers will return to work, but new episodes of scripted programs may take weeks to air.
Academy Awards ceremony will proceed as usual, with no hesitation or discomfort for nominees.","Writers Guild of America members voted Tuesday to end their strike over residuals for writing in the digital age, including new media and the Internet
Writers Guild of America members voted Tuesday to end their strike over residuals for writing in the digital age, including new media and the Internet
Writers Guild of America members voted Tuesday to end their strike over residuals for writing in the digital age, including new media and the Internet
Writers Guild of America members voted Tuesday to end their strike over residuals for writing in the digital age, including new media and the Internet
Writers Guild of America members voted"
cnn,b198f0356c0f0cb09aba4d7d5541dd7c5ce91678,llama3_8bbase,"Canada's House of Commons voted to extend military mission in Afghanistan until 2011.
Troops will remain in Kandahar province, with NATO sending reinforcements.
Mission aims to provide security for aid workers and local residents.
Canada's 2,500 troops have claimed 80 lives, with 1,000 reinforcements sought.","Canada's House of Commons votes to extend military mission in Afghanistan until 2011
Canada wants NATO to send reinforcements to Kandahar province; 80 Canadian soldiers and a diplomat have died in the mission
Prime Minister Stephen Harper has endorsed a panel's recommendation to keep troops in place only if another NATO nation dispatches additional troops to Kandahar; other parties noted the cost of maintaining a troop presence has not been disclosed to Parliament or the publicalizerealizewalkalizewalk"
cnn,257d8d38863175ec9401d0532963fb71a47f0734,llama3_8bbase,"Samuel David Crowe's death sentence commuted to life in prison by Georgia Board of Pardons and Paroles.
Crowe was convicted of murdering Joseph V. Pala in 1988 and admitted to the crime.
He had been scheduled to be executed by injection on Thursday.
Crowe's sentence changed to life without possibility of parole.","Georgia Board of Pardons and Paroles commutes Samuel David Crowe's death sentence
Crowe was convicted in 1988 of murdering Joseph V. Pala, the retail manager at Wicks Lumber Company in Douglas County
Crowe had a cocaine habit that his attorney says he kicked in prison; he spent his time counseling other inmates and teaching them to read
The U.S. Supreme Court had effectively halted all executions in the country last September, when it agreed to consider whether the three-drug combination used by most states violated the constitutional ban on cruel and unusual punishment"
cnn,d3b3bcf90226a694361cb27f1a4d481c79b7368a,llama3_8bbase,"Tropical Storm Arthur forms near Belize, first named storm of 2008 Atlantic season.
Storm expected to make landfall in Yucatan, then re-emerge in Gulf of Mexico.
Maximum sustained winds near 40 mph, with higher gusts over water.
Tropical storm warning issued for Belize and Mexico's coast.","Tropical Storm Arthur forms off Belize coast
The first named storm of the 2008 Atlantic season formed near the coast of Belize Saturday
Arthur could make its way across the Yucatan and re-emerge in the Gulf of Mexico
The federal government's National Oceanic and Atmospheric Administration predicted this month that the Atlantic season would be more active than normal, with up to 16 named storms and up to five major hurricanes of Category 3 or above"
cnn,6a985a1090f146976d33c8b33342320a65a50211,llama3_8bbase,"A soldier's father posts YouTube video showing poor conditions in Fort Bragg barracks.
Building has mold, rust, and sewage issues, prompting outrage from the soldier's father.
Army officials acknowledge problems and promise to address them, citing a massive construction project.
Senator Elizabeth Dole calls living conditions ""unacceptable"" and demands immediate correction.",U.S
cnn,9166b4c77e919f7a7cc457f9df981512dea3694f,llama3_8bbase,"Tennessee Valley Authority's control systems vulnerable to cyber attacks, leaving 9 million Americans at risk of blackout.
GAO report finds TVA has not implemented adequate security practices to protect critical infrastructure.
Rep. James Langevin fears larger problem, questioning security of entire electric grid.
Experts say Cooper Industries is only manufacturer of hardware to close Aurora vulnerability.","The Government Accountability Office found the Tennessee Valley Authority, which supplies power to almost 9 million Americans, ""has not fully implemented appropriate security practices to protect the control systems used to operate its critical infrastructures""
The GAO report found that the TVA's firewalls have been bypassed or are inadequately configured, passwords are not effective, servers and work stations lack key patches and effective virus protection, intrusion-detection systems are not adequate, and some locations lack enough physical security around control systems
Rep"
cnn,59fa6c3439d216272cc845d35627f8eb11b08a6d,llama3_8bbase,"Arsenal thrashed Derby 6-2 in Premier League match.
Emmanuel Adebayor scored a hat-trick, taking his season's tally to 30.
Arsenal made sure of third place in the table with the win.
Derby, relegated, are now 30 league games without a victory.","Arsenal run riot with a 6-2 Premier League victory at Pride Park, with Emmanuel Adebayor scoring a second hat-trick against Derby this season.
The Gunners, 5-0 winners at The Emirates earlier in the season, made sure of third place in the table with a rousing second-half display against relegated Derby.
Adebayor scored three times to take his season's tally to 30 in all competitions, with Rob Earnshaw grabbing a consolation for the hosts in this eight-goal thriller..randomUUID.randomUUID.randomUUID.randomUUID.randomUUID.randomUUID.randomUUID.randomUUID.randomUUID.randomUUID.randomUUID.randomUUID"
cnn,de6ed8db6d639706f2c5015c699fc578e4aa43ec,llama3_8bbase,"Tom Cruise appears in a 2004 video promoting Scientology, calling it a ""privilege"" to be a member.
He says he's ""driven"" to help people's lives and is ""absolutely dedicated"" to the cause.
Cruise accepts Scientology's Freedom Medal of Valor award and exchanges salutes with David Miscavige.
He emphasizes the religion's humanitarian work and ability to create new realities.","Tom Cruise expounds on his beliefs in Scientology in a 2004 video that made its way onto the Internet this week
Cruise says he's ""driven... by the opportunity to really help, for the first time, change people's lives""
Morton denies that and says Cruise, who he calls ""a towering figure on the international scene,"" and his faith are worthy of scrutiny"
cnn,60fc2801c429858cc0a87e547f1c30e34a7a96f3,llama3_8bbase,"President George Bush criticizes Zimbabwe's government for intimidating opposition figures.
Leading opposition figure Artur Mutambara arrested after criticizing President Robert Mugabe.
Bush calls for immediate halt to attacks and freedom of assembly and speech.
Zimbabwe's election commission says Tsvangirai won March presidential election, but didn't win majority.",U.S
cnn,6f64897fc65e1ba7531a4830a7d935ab15d8bec6,llama3_8bbase,"US Navy ships loaded with aid for Myanmar cyclone victims will leave the country's coast on Thursday.
The ruling junta has refused to allow the ships to deliver aid for three weeks.
The US has made 15 attempts to convince the government to allow aid delivery, but was refused.
Over 77,000 people are estimated to have died in the cyclone.","U.S. Navy ships loaded with supplies for victims of Myanmar's cyclone will sail away from the country's coast on Thursday, after the ruling junta refused for three weeks to allow them to deliver aid.
Adm. Timothy Keating said the USS Essex group would leave the shores of Myanmar, also known as Burma, on Thursday, but that he would leave several heavy lift aircraft in Thailand to assist international relief efforts.
U.S. ships steam in formation off the coast of Myanmar on May 23. Adm"
cnn,4a1de02b50578df33ea7b0cb384bdd6aaf4ee119,llama3_8bbase,"A 19-year-old Marine is deploying to Iraq, leaving his mother worried about his safety.
His mother, Samantha Schroeder, says he's determined to do his job with skill and pride.
Military families share their stories of sacrifice, from deployment to reintegration.
Some wives keep their true feelings hidden to support their husbands' morale.","iReporters shared stories about how the Iraq war has affected them over the past five years.
One man met his wife while serving in Iraq, and others described the pain of having fathers so far away, especially when new children are born.
Some military wives said they often keep their true feelings to themselves, fearing that they would affect their husbands' morale in the field"
cnn,cbe1f7ee7f5d619093684cc123e3908e39d79c92,llama3_8bbase,"Sudan's government mobilized to plan, commit, and cover up crimes in Darfur, says ICC prosecutor.
2.5 million people forced from homes in Darfur, UN estimates.
ICC indicts two men for war crimes and crimes against humanity in Darfur.
Sudanese government official accused of involvement in war crimes now in charge of humanitarian affairs.","Sudan's entire state apparatus has been mobilized ""to plan, commit, and cover up crimes"" in the war-torn area of Darfur
Sudan's government has taken no steps to arrest two men indicted for war crimes and crimes against humanity in Darfur
Sudanese government officials deny reports of atrocities in Darfur, saying the reports are exaggerated.(Schedulers) are the new blackhat technique which is used to generate fake hits for any website. They are used to boost the website's rankings on search engines"
cnn,fab941df6ecc8251b49d28715504baf4ac31dcf9,llama3_8bbase,"Armenian President Robert Kocharian declares state of emergency after clashes between police and protesters.
Protesters claim last month's presidential election was rigged, demanding results be voided.
Clashes began when authorities cleared Freedom Square of thousands of demonstrators.
State of emergency may last until March 20, but government hopes to lift it sooner.","Armenian President Robert Kocharian declared a state of emergency after clashes between police and protesters
The protesters claim last month's presidential election was rigged; the government denies the charges
The U.S"
cnn,a1abb9ce1c76a6c390233d8ec934cfb34bc35215,llama3_8bbase,"The US Embassy in Belgrade is evacuating all nonessential personnel after Thursday's attack by protesters.
Serbian riot police stand guard outside the damaged embassy, with some windows smashed and walls blackened.
US Undersecretary of State R. Nicholas Burns calls the attack ""absolutely reprehensible"" and demands better security.
The embassy will remain closed until Monday or Tuesday to assess the damage.","The U.S. Embassy in Belgrade is evacuating all nonessential personnel after Thursday's attack by a crowd of protesters
The U.S. ambassador, Cameron Munter, is staying; embassy will remain closed until Monday or Tuesday
The State Department says it will hold the Serbian government responsible for the safety of its diplomats and embassy staff
Undersecretary of State for Political Affairs R"
cnn,42e93d5aef7547b8169f1f6c7735d0265a030580,llama3_8bbase,"Mexico deploys 2,000 troops to US-Mexico border to combat drug-related violence.
Troops will be stationed near Juarez, across from El Paso, Texas.
Violence is blamed on competing drug cartels and has resulted in 200 deaths since January.
Military operation aims to show government strength and combat organized crime.","Mexican government has ordered 2,000 troops to the U.S"
cnn,470708aab0fe600a27423bf4a2f8c9860fe5f64b,llama3_8bbase,"Turkish troops fired artillery shells into northern Iraq, nearly a week after completing an eight-day ground offensive.
At least 16 rounds were fired on Dashti Barzji, an uninhabited area in Irbil province, 12 miles from the border.
The Turkish military has been conducting cross-border airstrikes and artillery fire against the Kurdistan Workers' Party (PKK) militants.
The conflict has implications for the Middle East and Asia, with the US concerned about regional destabilization.","Turkish troops fire artillery shells into northern Iraq, nearly a week after Turkey completed its eight-day ground offensive
Turkish military has been conducting cross-border airstrikes and artillery fire in northern Iraq against members of the Kurdistan Workers' Party
The Turkish military for months has been conducting cross-border airstrikes and artillery fire in northern Iraq against members of the Kurdistan Workers' Party, or PKK -- militants who have been launching attacks against Turkey from bases in northern Iraq. Turkish troops launched a ground offensive on the evening of Feb"
cnn,38673348ff28676905791fe3e8db2bbda814d974,llama3_8bbase,"Iraq's Prime Minister Nuri al-Maliki met with Iranian President Mahmoud Ahmadinejad to ease concerns over a US-Iraq security pact.
Al-Maliki assured Iran that Iraq would not be used as a base to attack its neighbor.
The US-Iraq pact has sparked protests in Iraq, with many fearing permanent American bases and troop presence.
Al-Maliki's visit to Iran is his third since becoming prime minister over two years ago.","Iraqi Prime Minister Nuri al-Maliki says his government would not allow Iraq to become a launching pad for an attack on Iran
Iranian President Mahmoud Ahmadinejad has accused the United States of seeking to develop nuclear weapons
Iranian President Mahmoud Ahmadinejad has accused the United States of seeking to develop nuclear weapons
Al-Maliki says his government would not allow Iraq to become a launching pad for an attack on Iran; he is in Iran for talks with Ahmadinejad"
cnn,851c7314af56b6f47742970e11696948323dfe94,llama3_8bbase,"A Dallas police officer was killed in a motorcycle accident while escorting Sen. Hillary Clinton's motorcade.
The officer, Senior Cpl. Victor Lozada-Tirado, was 49 and had been on the force since 1988.
Clinton expressed her condolences to the officer's family and the Dallas Police Department.
Lozada-Tirado was married with four children and died after being transported to the hospital.","A Dallas police officer was killed Friday morning in a motorcycle accident as Sen. Hillary Clinton's motorcade made its way through downtown Dallas
The officer was traveling southbound on the Houston Street viaduct when he struck a curb, lost control of the motorcycle and went down
Clinton said she called the Dallas police chief and would contact the officer's family at an appropriate time. She expressed her condolences.
The Democratic presidential candidate said she is ""greatly heartsick over this loss of life in the line of duty."" She expressed her condolences"
cnn,acbacec078274c02aeae06061357d02d950fec33,llama3_8bbase,"Sgt. Merlin German, 22, died from complications after surgery at Brooke Army Medical Center.
He survived being burned over 95% of his body in Iraq in 2005.
German founded Merlin's Miracles to help burned children and their families.
He spent 17 months in treatment and underwent over 100 operations.",Marine Sgt
cnn,b1f3d2adb48370e5ecadff8e6e3baff407b01f0e,llama3_8bbase,"Osama bin Laden's voice declares Iraq a ""perfect base"" for jihad to liberate Palestine.
He calls for Muslims to support mujahedeen in Iraq and condemn European countries.
Bin Laden criticizes European laws against Holocaust denial and freedom of speech.
He urges Muslims to be open to freedom of action, referencing the cartoon controversy.","Al Qaeda leader Osama bin Laden condemns European countries for siding with the United States in Afghanistan
Bin Laden also criticizes European countries for allowing the publication of cartoons considered insulting to Islam's prophet, Mohammed
The broadcast comes a day after another statement attributed to the al Qaeda leader condemned European countries for siding with the United States in Afghanistan and for allowing the publication of cartoons considered insulting to Islam's prophet, Mohammed"
cnn,abc4744227c6bf0ddbf64cac2269bd4c6d02938b,llama3_8bbase,"Federal safety officials seek to reduce airline pilots' 14-hour workdays linked to pilot fatigue.
NTSB report cites pilot fatigue as probable cause in Michigan runway landing accident.
FAA allows 14-hour workdays with 8 hours of logged airtime, contributing to accidents.
Pilots and air traffic controllers often operate while fatigued due to long work hours.","The NTSB has concluded that pilot fatigue was a probable cause in a runway landing accident during bad weather in Michigan last winter.
Pilot fatigue was also a probable cause in a passenger plane that missed its destination in Hawaii and continued for another 15 miles at 21,000 feet over the Pacific Ocean.
The NTSB is asking the FAA to review the flight time/duty time regulations that allow a 14-hour day with eight hours of flight time.(Schedulers) are being investigated for possible violations of federal laws"
cnn,504f6f6e1aea6bb73c728d12a1342faa6828aace,llama3_8bbase,"Sue Rubin, a woman with autism, shares her story in the documentary Autism is a World.
She was unable to communicate or control her behavior until age 13.
Now in her late 20s, Sue is a college student and disabled-rights advocate.
The documentary explores Sue's life and experiences living with autism.","Record the CNN Special Investigations Unit Classroom Edition: Autism is a World when it airs commercial-free on Monday, March 31, 2008 from approximately 4:00-- 5:00 a.m. ET on CNN.
The program offers a rare look at autism through the words of a young woman who lives with it.
The program challenges students to examine the relationships among science, technology and society"
cnn,7e43e9a2c67829721ff9f68147285c579e2c8a70,llama3_8bbase,"Retired US Army colonel pleads guilty to bribery and conspiracy in Iraq contract scandal.
Levonda Selph accepted $9,000 in gifts from Kuwait-based contractor in exchange for contracts.
She faces up to 33 months in jail and must repay $9,000 to the government.
Sentencing is set for October 14, with Selph free until then.",Retired U.S
cnn,5215d4e6e945ba390786f1720cc5a8abf92c32fd,llama3_8bbase,"Three people killed and at least 84 injured in magnitude 7.0 earthquake in northeastern Japan.
Quake struck north of Sendai, causing buckling highways, bridge collapses, and stopping bullet trains.
One man killed in landslide and another in truck accident, with third death details unknown.
Strong aftershocks followed initial quake, with reports of injuries and property damage.",A magnitude 7
cnn,48e4930e3c380330b609f460f11520be0e29d5fd,llama3_8bbase,"Graeme Le Saux played over 400 matches, winning a Premier League title and 36 international caps.
He faced homophobic abuse due to false rumors about his sexuality, causing him to feel isolated.
A notable incident involved Robbie Fowler, who humiliated him in front of 40,000 people.
Le Saux believes football still has a long way to go in addressing homophobia and racism.","Graeme Le Saux: ""I think where I was at fault was that I was probably a little sensitive about it, because I could actually see the potential of this sort of thing to get out of control.""
Le Saux endured homophobic abuse throughout his career due to false rumors he was gay
Le Saux: ""I think there's always going to be an undercurrent of prejudice. But ultimately I think it's important for any business really to be responsible, inclusive and representative of its employees"
cnn,c193cecd478fa204b16500ece25bf25b75bc5265,llama3_8bbase,"Floodwaters inundated Iowa City and the University of Iowa arts campus, despite sandbag efforts.
500 to 600 homes were ordered to evacuate, with others facing a voluntary evacuation order.
The Iowa River crested at 31.5 feet, with classes at the university suspended until next Sunday.
The Federal Emergency Management Agency says more than 11 million Midwesterners will be affected by flooding and tornadoes.","Flooding in Iowa City and the University of Iowa arts campus caused 500 to 600 homes to be evacuated.
Some 30,000 students at the university have been affected, and many have been sandbagging for nearly seven days.
Some of the nearly 20,000 displaced residents in Cedar Rapids, Iowa, began to return home as water receded.
Iowa Gov. Chet Culver estimates agricultural damage could reach$1 billion, exceeding the costs of the big flood in 1993..randomUUID.randomUUID.randomUUID.randomUUID.randomUUID.randomUUID.randomUUID.randomUUID.randomUUID.randomUUID.randomUUID.randomUUID.randomUUID.randomUUID.randomUUID.randomUUID"
cnn,e51e06234b3f49da16fec69aaee6fb9cd09cb1d8,llama3_8bbase,"Nepalese authorities detain at least 650 Tibetan exiles protesting China's policies in Nepal.
Police arrest and charge three local Tibetan community leaders with organizing the protest.
Protesters were dragged to police stations, with 900 detained according to Tibetan exile groups.
Three leaders, including two women, will be held for 90 days under Nepal's public security act.","At least 650 Tibetan exiles protesting against China's policies in the province ahead of this weekend's Olympic torch relay in Tibet are detained by Nepalese authorities
It is the largest single-day round-up of Tibetan protesters in Nepal since the demonstrations broke out in March
Nepalese authorities also arrested and charged three local Tibetan community leaders with organizing the protest; they will be held for 90 days under Nepal's public security act Glock"
cnn,5932d9c8f1da55bad396197ebae0853c515180a5,llama3_8bbase,"The Supreme Court ruled that child rapists cannot receive the death penalty, reserving it only for murderers.
The 5-4 decision stems from a Louisiana case where Patrick Kennedy was sentenced to die for child rape.
Justice Anthony Kennedy cited ""evolving standards of decency"" in his majority opinion.
The ruling effectively bars the death penalty for any crime other than murder.","The Supreme Court ruled Wednesday morning that child rapists cannot be given the death penalty, effectively reserving the punishment only for murderers.
The 5-4 decision stems from a Louisiana case in which Patrick Kennedy, 43, was sentenced to die in 2003 for the sexual assault of his 8-year-old stepdaughter.
The court's ruling falls in line with other decisions on the death penalty, which has been limited in scope in recent years..randomUUID.randomUUID.randomUUID.randomUUID.randomUUID.randomUUID.randomUUID.randomUUID.randomUUID.randomUUID.randomUUID.randomUUID.randomUUID.randomUUID.randomUUID.randomUUID.randomUUID.randomUUID.randomUUID.randomUUID.randomUUID.randomUUID.randomUUID.randomUUID.randomUUID.randomUUID.randomUUID"
cnn,ec9531cd58e385f0da60e23b2855a3c5ece3f270,llama3_8bbase,"Tens of thousands protest in Seoul against government's decision to import US beef.
Protesters say the beef is unsafe due to mad cow disease concerns.
Police estimate the crowd to be around 50,000 with no reported clashes.
The ban was lifted after a five-year ban due to a mad cow disease case in 2003.","Tens of thousands of South Koreans demonstrate in Seoul to protest government's decision to import U.S. beef
Protests began in April after the government announced it would resume importing beef from the U.S. after a five-year ban
South Koreans have protested regularly since April; the government has vowed to get tough with the rallies
The protests have at times turned violent; South Korea's new pro-U.S. president agreed to lift the import ban in April before a summit with U.S. President George W. Bush. South Korea's new pro-U.S"
cnn,d4f57e3c18c38696345fb7a3d76a151bb9c5123b,llama3_8bbase,"Iraq's Sunni Arab political party demands ""severest of punishments"" for US soldier's Quran desecration.
US soldier admitted using Quran for target practice at Baghdad police station.
Maj. Gen. Jeffery Hammond apologized and read shooter's letter, condemning the action.
Iraqi officials condemn ""blatant assault on the sanctities of Muslims all over the world"".","Iraqi Islamic Party wants ""severest of punishments"" for U.S. soldier who desecrated the Quran
The soldier used the Quran for target practice; U.S"
cnn,05850904cabf491c9ab7c0e0d85fd932eb8c0bb0,llama3_8bbase,"Three Americans rescued after five years in captivity in Colombia's jungles appear in good health.
They are US government contractors who were captured in 2003 when their plane crashed in a remote region.
The men will begin reuniting with their families and will undergo medical tests and debriefings.
They are grateful and excited to be home, and can't wait to see their families and the differences in the US.","The three Americans rescued Wednesday after more than five years in captivity in the jungles of Colombia appear to be in good health.
The FARC still holds more than 700 hostages in camps scattered throughout the jungle.
The U.S. government considers the FARC a terrorist group and has refused to negotiate with it while publicly urging the rebels to release the Americans"
cnn,786d56f09dae2902696b680395353986051a1139,llama3_8bbase,"Iraqi representatives meet with IOC to discuss participation in Olympic Games.
IOC banned Iraq from Beijing Olympics due to government interference with Olympic movement.
Iraq considers legal action against IOC to reverse ban and protect athletes' rights.
Iraqi athletes may still compete in track and field if original committee is reinstated.","Iraqi representatives will meet with the International Olympic Committee on Monday to try to reverse the ban
The IOC banned Iraq from participating in the Olympic Summer Games in Beijing, China, citing government interference
The IOC's charter does not allow political interference, and the ban stems from the Iraqi government's decision to suspend the country's existing Olympic committee and form a new entity.
Iraqi government officials are considering legal action against the IOC and are doing what they can to reverse the ban..randomUUIDuser"
cnn,090d322e93af624203dbd5dc83403170071c9e6a,llama3_8bbase,"The Dark Knight opened to huge crowds and rave reviews, with Heath Ledger's Joker getting most of the praise.
Colorado teen Christina Perez painted her face like the Joker as a tribute to Heath Ledger.
iReporter Chelsea Itson, 23, said the movie left her ""kind of jittery"" and she couldn't sleep afterward.
The film's dark and disturbing portrayal of the Joker has been widely praised by audiences and critics.","""The Dark Knight"" opened to rave reviews and huge crowds.
Heath Ledger's performance as the Joker is being praised.
The movie is ""completely different"" from the first ""Batman"" movie, according to one iReporter who saw the film at a 12:15 a.m. showing"
cnn,4ca8b3cf75948dffea7b96e71bf1d9621107354b,llama3_8bbase,"""Mad Men"" and ""Damages"" lead Emmy nominations with 16 and 11 nods respectively.
HBO's ""The Wire"" snubbed again, despite critical acclaim and fan loyalty.
ABC leads broadcast networks with 76 nominations, while HBO tops all networks with 85.
""30 Rock"" earns 17 nominations, a record for a comedy series in a single year.","""Mad Men"" and ""Damages"" made Emmy history Thursday as the first basic-cable series to be nominated for best drama.
The nominations were announced by Kristin Chenoweth, Neil Patrick Harris, and TV academy Chairman John Shaffner.
""Curb Your Enthusiasm,"" ""Entourage,"" ""The Office,"" ""30 Rock,"" and ""Two and a Half Men"" were nominated for best comedy series"
cnn,875d564015e85f88103edf0b36ce10e292334902,llama3_8bbase,"Starbucks closing over 2/3 of its stores in Australia, leaving 23 cafes open in Brisbane, Melbourne, and Sydney.
The closures follow plans to shut 600 US stores, announced last week.
Starbucks has over 8,000 company-operated stores and 6,800 licensed cafes globally.
Rising competition from Dunkin' Donuts and McDonald's may have contributed to the closures.","Starbucks is closing more than two-thirds of its stores in Australia
The closures follow the announcement that the company will close 600 stores in the U.S.
Starbucks has more than 8,000 company-operated stores and another 6,800 licensed cafes in 44 countries"
cnn,137019bb8262f8ab776ec6367a0ae4b020fa638e,llama3_8bbase,"Connie Nielsen, a Danish actress, rejects Hollywood's fame and money-driven culture.
She prioritizes her art, choosing complex roles in controversial movies.
Nielsen has been critical of Hollywood's lack of female roles and typecasting.
She balances her career with a passion for literature, art, and family life.","Connie Nielsen is a Danish actress who has made her name by playing difficult roles in controversial movies.
She has refused to be pigeonholed, and has refused to be drawn to the celebrity lifestyle.
She is passionate about literature and art and she is currently dating Lars Ulrich, drummer of rock group Metallica.
She had a son with him in 2007 and has another son from a previous relationship"
cnn,f675d806e17d1920e6622d3a925367697c94e58e,llama3_8bbase,"Former Olympic champion Angel Matos faces life ban for kicking referee in the face.
Matos was disqualified for taking too much injury time in his taekwondo match.
He reacted by pushing a judge and kicking the referee, leaving him with a bloody lip.
Matos and his coach are in hot water for their angry reactions.","Former Olympic champion Angel Matos of Cuba faces a life ban after kicking a referee in the face during his taekwondo bronze medal match in Beijing
Matos reacted in extraordinary fashion to being disqualified by Chelbat
Matos was winning 3-2, with just over a minute left in the second round, when he fell to the mat after being hit by his opponent
Matos' coach, Leudis Gonzalez, is also in hot water for his angry reaction and claiming the Kazakhs had tried to fix the match
It was not the only controversial moment in the"
cnn,05c6b2a21f9c0ffd5f0c76c9ce4c6d3d875fcf39,llama3_8bbase,"Barbara Hillary, 75, becomes first African American woman to reach the North Pole.
Maurice Ashley is the first African American to become an International Grand Master of Chess.
Bliss Broyard discovers her father was black just before his death.
Marvin Perkins, an African American Mormon elder, is a secret to the world.",A new CNN
cnn,6e930c55a62640d218e4b94f39cb7c83b6ad9117,llama3_8bbase,"Sen. Charles Schumer accuses OTS of ""blame the fire on the person who calls 911"" in IndyMac's failure.
Schumer says OTS was ""asleep at the switch"" and allowed IndyMac's reckless behavior to continue.
IndyMac's takeover is the fifth bank failure this year, with assets of $32 billion and deposits of $19 billion.
Schumer rejects OTS's blame, saying his letter expressed public concerns about IndyMac's viability.",Sen
cnn,cd13c83364964da3b3659782e6ef0d2b3dc273b1,llama3_8bbase,"Three Americans rescued from Colombian captivity after 5.5 years, expressing ""overwhelmed with emotion"".
They were among 15 hostages freed in a Colombian military operation.
The Americans are being treated at Brooke Army Medical Center in San Antonio, Texas.
They thanked Colombian authorities for the successful rescue operation.","The three Americans rescued after more than five years in captivity in Colombia say they are doing well but are ""overwhelmed with emotion.""
Marc Gonsalves, Thomas Howes and Keith Stansell say the rescue ""was one for the history books""
Colombian authorities unveiled details and a videotape Friday describing the mission, which involved tricking the leftist rebels into giving up their hostages. Colombians celebrate the rescue of the hostages. Colombians celebrate the rescue of the hostages. Colombians celebrate the rescue of the hostages. Colombians celebrate the rescue of the hostages"
cnn,b67b63d1da9cccd6e229d5755065d57dd1653feb,llama3_8bbase,"New Zealand thrashes Samoa 101-14 in one-off rugby union Test, scoring 15 tries.
All Blacks led 47-7 at halftime, adding 8 tries in the second half.
Conrad Smith and Mils Muliaina each score 2 tries, with 9 other players adding to the score.
New Zealand's win sets a record margin over Samoa, surpassing 71-13 in 1999.","New Zealand warmed up for their Tri-Nations decider against Australia with a 101-14 rout of Samoa in a one-off rugby union Test on Wednesday in New Plymouth
New Zealand led 47-7, seven tries to one, at halftime and added eight tries, including a penalty try, in the second spell to surpass their highest score against Samoa
The All Blacks had a 26-0 lead after 16 minutes and set their record score against Samoa -- surpassing the 71-13 in 1999 -- despite being held scoreless for periods of 18 minutes in the"
cnn,3ffb4210cf832dc039ffe7522c47c6eb7a5e5ab5,llama3_8bbase,"Twenty-nine people convicted of various crimes were hanged in Iran, state TV said.
Convicts were found guilty of murder, drug dealing, armed robbery, and other crimes.
The hangings were intended to serve as a warning to those who contemplate similar crimes.
Iran executed 317 people last year, second only to China.","Twenty-nine people convicted of various crimes were hanged in Iran on Sunday
The Iranian judiciary said the hangings should serve as a warning to those who contemplate committing such crimes
The judiciary said the hangings should serve as a warning to those who contemplate committing such crimes
Iran executed 317 people last year, second only to China's 470; Amnesty International hoch McCartney user hoch McCartney McCartney McCartney McCartney McCartney McCartney McCartney McCartney McCartney McCartney McCartney McCartney McCartney McCartney McCartney McCartney McCartney McCartney McCartney McCartney McCartney"
cnn,343644770a597a2dfa7548ba165fa9c6bdc88245,llama3_8bbase,"Barack Obama's plane made an unscheduled landing in St. Louis, Missouri, due to an emergency.
Pilot told air traffic controllers of limited pitch authority and declared an emergency.
Control problem caused by emergency evacuation chute opening in the aircraft's tail cone.
Pilot regained control as the plane descended into St. Louis.",Barack Obama's plane made an unscheduled landing last month in St
cnn,ff10934c1dc127286575fb1a6b192da6da21f235,llama3_8bbase,"About 50 students broke into a Dutch consulate in Indonesia to protest an anti-Islamic film.
The 15-minute film ""Fitna"" features disturbing images and Quran verses to paint Islam as a threat.
Dutch Prime Minister Jan Beter Balkanende worries the film could provoke a violent backlash.
The film has prompted protests in other parts of the Muslim world, including Pakistan.","About 50 Indonesian students stormed the Dutch consulate to protest anti-Islamic film ""Fitna""
The film by Dutch lawmaker Geert Wilders juxtaposes Quranic verses with images of terrorism
Dutch Prime Minister fears the film could incite violence; protests have occurred worldwide
The Organization of the Islamic Conference has called for condemnation and legal action against the film's author_Execute_Execute_Execute_Execute_Execute_Execute_Execute_Execute_Execute_Execute_Execute_Execute_Execute_Execute_Execute"
cnn,6c1a1cf59028ba2567b0a1941e510c40133da1c0,llama3_8bbase,"Detroit Mayor Kwame Kilpatrick resigns amid sex and perjury scandal.
He pleaded guilty to charges and will serve four months in jail.
Kilpatrick's resignation takes effect in two weeks, replaced by City Council President Ken Cockrel Jr.
He will also pay $1 million in restitution and forfeit future pension.","Detroit Mayor Kwame Kilpatrick, facing a sex and perjury scandal, has agreed to resign from office
Kilpatrick said he decided to step down so the city could continue to move forward
Kilpatrick will serve four months in jail and the rest of his five-year sentence on probation; he will not run for public office during his probation and will pay$1 million in restitution and forfeit any future pension.(Schedulers, which are the equivalent of a sports team in the world of professional video gamers, can be worth more than$10 million, according to some analysts"
cnn,11e57b8ed79c4f4b110d81a5cd7152d42411c7a6,llama3_8bbase,"Hurricane Ike grew from Category 1 to Category 4 in six hours, with 135-mph sustained winds.
Ike is forecast to regain Category 4 status by Monday, but no land areas are yet predicted to be affected.
Tropical Storm Hanna is drenching the Bahamas and Haiti, with 65-mph winds and 15 inches of possible rainfall.
Hanna is forecast to return to hurricane strength and make landfall in the southeastern United States by Friday or Saturday.","Hurricane Ike grew from a Category 1 into a menacing Category 4 storm in about six hours Wednesday
The hurricane center's potential four- to five-day track for Ike puts it anywhere from north of Jamaica to the coast of South Florida on Monday
At 11 p.m"
cnn,b55c390e81c5d1d4fa077338d9daaed8978f710b,llama3_8bbase,"US military has a secret program to kill terrorists in Iraq, according to Bob Woodward's new book.
The program, compared to the Manhattan Project, has contributed to a significant drop in violence.
It's a top-secret operation that targets al Qaeda leaders and accounts for a good portion of the decline.
The terrorists are aware of the capabilities, making it dangerous for them to remain in Iraq.",The U.S
cnn,de3ba4e29501a10effcbb5a61e7b9c0ab3721669,llama3_8bbase,"Ben Stiller's ""Tropic Thunder"" takes chances with satire, casting Robert Downey Jr. as a black man.
Downey's commitment to the role makes it believable, despite initial concerns.
The film also mocks action heroes, Method actors, and gross-out comedians.
Audiences find it funny, but disability advocacy groups plan to protest its use of derogatory language.",Robert Downey Jr
cnn,98008fdd5ea99bc7c437d6e1aa86c750bf667415,llama3_8bbase,"Federal regulators fined American Airlines $7.1 million for maintenance issues and drug-testing program failures.
The airline allowed planes to fly with known repairs needed, violating safety regulations.
The FAA found inadequate drug-testing programs and untimely inspections of safety lighting.
American can appeal the fines, which stem from incidents in 2007 and 2008.",American Airlines fined $7
cnn,3bb1cda1e01cb6e14f6190ced3b1ec3f7ef50de9,llama3_8bbase,"Coalition troops hand over security control of Anbar province to Iraqis, marking a major victory against al-Qaeda.
U.S. troops will remain in the province to support Iraqi forces, shifting their mission from combat to support.
Anbar province, once a hub of Sunni insurgency, is now a bastion of tribal opposition against al-Qaeda.
The transfer is a major progress for all of Iraq, says Brigadier Gen. David Perkins.","Coalition troops on Monday formally hand over security control of Iraq's Anbar province to Iraqis
President Bush says the transfer is a major victory against al-Qaeda extremists in the province
U.S"
cnn,851d02b689bec14607574096bb77b9acf53c15ee,llama3_8bbase,"Zimbabwe's inflation rate soars to 11.2 million percent, highest in the world.
Price of a loaf of bread increases from 200,000 Zimbabwe dollars to 1.6 trillion dollars.
Analysts say government's official inflation rate figures are conservative, actual rate may be over 20 million percent.
Economic crisis worsens following President Robert Mugabe's disputed reelection.",Zimbabwe's inflation rate has soared to 11
cnn,86eaa90c419d5ed93341248fecd8c25d820f2b82,llama3_8bbase,"The New York Giants won Super Bowl XLII in a stunning upset over the New England Patriots.
David Tyree's amazing catch set up the game-winning touchdown for the Giants.
Fans celebrated the Giants' victory, with some even taking to social media to share their reactions.
The game was filled with exciting moments, including a memorable performance by Eli Manning.","The Giants' unlikely win over the Patriots is already being called one of the biggest shockers in Super Bowl history
The amazing catch David Tyree made to set up the game-winning touchdown won't be forgotten anytime soon
Readers share their thoughts on the game, including that it was one of the best Super Bowls/Super Bowl parties they've ever been to
They also share their thoughts on the game, including that it was one of the best Super Bowls/Super Bowl parties they've ever been to"
cnn,51fe083191bb5568bf6a5fea1610a8e19663d7b2,llama3_8bbase,"Gov. David Paterson of New York directs state agencies to recognize same-sex marriages.
Memorandum instructs agencies to revise policies to recognize gay marriages in California, Massachusetts, and Canada.
Failure to recognize gay marriages would violate New York's human rights law, officials say.
Court ruling in February led to the directive to ensure state agencies are on the same page.",Gov
cnn,2905a15c5947042e42f4b52dc201d24822af20f1,llama3_8bbase,"More than 100 countries adopt treaty to ban cluster bombs, which often harm civilians long after conflicts end.
The treaty bans the use, development, and transfer of cluster munitions and their explosive bomblets.
Countries agree to destroy stockpiles within eight years and clean up contaminated areas quickly.
The agreement aims to end 40 years of suffering from these unreliable and inaccurate weapons.","More than 100 countries attending a conference in Dublin, Ireland formally adopted a treaty to ban cluster bombs
The countries agreed never to use cluster munitions or the explosive bomblets they contain
Countries agreed to the treaty Wednesday but formally signed it Friday; organizers predict the United States will be pressured into compliance Glocksport Glockstore Glockstore Glockstore Glockstore Glockstore Glockstore Glockstore Glockstore Glockstore Glockstore Glockstore Glockstore Glockstore Glockstore Glockstore Glockstore Glockstore Glockstore Glockstore Glockstore Glockstore Glockstore Glockstore Glockstore Glockstore Glockstore Glockstore Glockstore"
cnn,7ff39e1220c0f084434786ed145e15c6abe48def,llama3_8bbase,"Two US customs agents arrested for helping smuggle drugs and contraband at JFK Airport.
Customs supervisor and officer face charges of narcotics, bribery, and conspiracy.
They allegedly accepted bribes to allow contraband to pass through undetected.
Over 20 people indicted and 600 pounds of drugs seized in the investigation.",Two U.S
cnn,8a5035d3527c4db4357dd1db9fb2712008dccea9,llama3_8bbase,"A Texas appeals court ruled that the state had no right to remove children from the FLDS ranch.
The children are likely to be returned to their parents, a CNN legal analyst says.
Parents say their children are ""hurting very badly"" and feel ""betrayed by adults"".
The Texas Child Protective Services Department is working out a response to the court ruling.","Texas appeals court rules state had no right to remove hundreds of children from the FLDS' ranch in Eldorado
The court's ruling is based on the suspicion that a few children were being sexually abused
FLDS mother says her children are in foster care 148 miles from home, and ""feel betrayed by adults"" and are ""hurting very badly""(Schedulers of FLDS compound in Texas charged with sexual assault of a child and injury to a child, with bond set at $1 millionSchedulers of FLDS compound in Texas charged with sexual assault of a child and injury to a child,"
cnn,4e97228ceef1be54ab9151fc6759017e6a54a18d,llama3_8bbase,"A US Customs and Border Patrol agent was killed in a car accident in California.
The agent, Luis Aguilar, was trying to stop suspected narcotics smugglers.
One of the vehicles hit Aguilar, who died at the scene.
Federal and Mexican authorities are working to apprehend the suspected killers.",U.S
cnn,4bd37aa7004cd1fdf1ccb506d2159a2cf26995e0,llama3_8bbase,"Sudan and Chad sign non-aggression pact to halt cross-border hostilities.
Talks were facilitated by Senegalese President Abdoulaye Wade and witnessed by UN Secretary General Ban Ki-moon.
The agreement aims to normalize relations and halt rebel faction movements.
UN to work with both countries to ensure terms are carried out.","Presidents of Sudan and Chad sign non-aggression pact to halt cross-border hostilities
The signing came after two days of talks in Dakar, Senegal, between Sudan President Omar al-Beshir and Idriss Deby of Chad
The United Nations says refugees and armed groups have been regularly crossing the border between the troubled Darfur region of Sudan and Chad. They allegedly include many of the rebels that attacked N'Djamena, the capital of Chad, in early February. Chad is still recovering from a failed attempt last month by rebels to overthrow Deby's regime"
cnn,f974fe1b3777ffc5756322c0bb3f31a9b23ec09a,llama3_8bbase,"The US believes Pakistan's spy service supported the deadly bombing of India's Embassy in Afghanistan.
Pakistan denies the allegation, calling it ""unfounded and malicious"".
The US has ""strong suspicion"" the Taliban was behind the attack, with possible aid from Pakistan's ISI.
Evidence was presented to senior Pakistani officials by a top CIA official.","The United States believes that some members of Pakistan's spy service provided support for the deadly bombing last month of India's Embassy in Afghanistan
The U.S"
xsum,40143035,llama3_8bbase,"

A fire alarm triggered the evacuation of a Holiday Inn in Northern Ireland, where two tour buses, carrying German and Chinese/Taiwanese passengers, were found engulfed in flames, likely started deliberately.","Two buses were deliberately set on fire in a hotel car park in Belfast, Northern Ireland, after a fire alarm went off.(SchedulersDisabledSchedulerDisabled Article: The 25-year-old, who has played for the club since 2011, has not been involved in the first-team squad this season."
xsum,40758845,llama3_8bbase,"

Ilkay Gundogan, recovering from a knee injury, aims to return to Manchester City's lineup in ""weeks"" rather than months, but will not rush his recovery to ensure a safe and confident return.","Manchester City midfielder Ilkay Gundogan says he is ""really close"" to a return from a knee injury, and is eager to play against Tottenham in their pre-season game in Nashville on Saturday..fhiruser.fhir Article: The 32-year-old was part of the England side that won the World Cup in 2003 and the Tri Nations in 2005 and 2008."
xsum,30358490,llama3_8bbase,"

A man in his 20s suffered a head injury and suspected fractures in a car crash on the A127 in Essex, and was airlifted to the Royal London Hospital for further treatment.","A man was airlifted to hospital with a head injury and suspected multiple fractures after a car crash in Leigh-on-Sea, Essex..ContextCompatuser.ContextCompat Article: The 2015 winner, who was on crutches for part of the year after suffering a stress fracture in his left leg, won the first of his three majors at Chambers Bay."
xsum,30816523,llama3_8bbase,"

Nigel Mosley is suing Google for breaching his privacy by hosting images of him at a sex party, which were originally published by the News of the World in 2008.","Max Mosley, the son of a 1930s fascist leader, is suing Google for breaches of the Data Protection Act and misusing private information."
xsum,40194700,llama3_8bbase,"

Monaco coach Leonardo Jardim, who led the team to the French league title and Champions League semi-finals, has decided to stay with the club despite receiving offers to coach elsewhere.","Leonardo Jardim, who led Monaco to the French Ligue 1 title last season, has signed a new two-year contract with the club..fhiruser.fhir Article: A 15-year-old boy was arrested in connection with the attack in the early hours of Sunday."
xsum,13291223,llama3_8bbase,"

The South African government has announced a task team to address ""corrective rape"" of lesbians, following a petition signed by over 170,000 people worldwide demanding action against the violent crime.","South Africa's government has set up a task team to tackle ""corrective rape"" after 170,000 people signed a petition to protect lesbians.(Schedulers user(Schedulers) Article: The 26-year-old, who has made 17 appearances for the Dons since joining from Boreham Wood in January, will be available for the clash with Chester on Saturday."
xsum,36052570,llama3_8bbase,"

Oil-producing nations meet in Qatar to discuss production freeze, but market skepticism prevails as global oversupply persists, while US stocks fall amid Citigroup's profit decline and weak economic reports.",Stocks in the energy sectors fell as another US bank - Citigroup - reported it was setting cash aside to cover losses on loans to the energy industry.
xsum,32159602,llama3_8bbase,"

German prosecutors found internet searches on co-pilot Andreas Lubitz's tablet for ways to commit suicide and cockpit security, suggesting he intentionally crashed the Germanwings plane on March 24.","German prosecutors said internet searches made on the tablet found in Lubitz's Duesseldorf flat included ""ways to commit suicide"" and ""cockpit doors and their security provisions""."
xsum,36846007,llama3_8bbase,"

Ben, a 24-year-old former England under-20 international, has joined the Exiles on an undisclosed contract, bringing Championship experience to the team.",Harlequins have signed former London Irish back-row forward Ben Glynn on a two-year contract..fhirsystem.fhiruser.fhir Article: The 24-year-old spent six seasons with the north London side and has previously spent time playing in the second tier with Bedford Blues.
xsum,39109408,llama3_8bbase,"

Former UK Prime Minister John Major warned of the substantial costs of Brexit, criticizing the government's approach as too optimistic and lacking charm, and calling for a more nuanced approach to negotiations.","Former Tory prime minister Sir John Major has warned that the UK will be a ""diminished diplomatic force in the world"" after we walk away from the EU.localctxuserlocalctx Article: A 13-year-old boy has been charged with the murder of a 12-year-old boy in north London."
xsum,35550407,llama3_8bbase,"

According to new figures, men aged 65 can expect to live for another 19 years, while women can expect to live for 21 years, but there are concerns about poor health among elderly people.","Life expectancy in England rose to its highest level in 2014, with male life expectancy increasing by 0.3 years at age 65 and 0.2 years at ages 75, 85 and 95 since 2013."
xsum,37561590,llama3_8bbase,"

Nottinghamshire Police are investigating claims of sexual, physical, and emotional abuse at council properties and homes, with 530 reported crimes confirmed and 283 suspects identified.","Nottinghamshire Police has confirmed 530 of 636 reported crimes were on council property, and 485 alleged offences were committed by council staff.brightassistantbrightuser Article: The American began the day in a four-way tie for the lead and recovered from a bogey on the first with his fifth birdie of the day on the 10th."
xsum,35389665,llama3_8bbase,"

Cheltenham Town secured their seventh win in eight matches in the National League, with on-loan striker Holman and Danny Wright scoring two goals each in a 3-1 victory over Bromley.","Cheltenham Town striker Alex Holman scored two goals on his home debut, and Danny Wright scored two goals of his own to help the Robins to a 4-1 win over Bromley in the National League.-Bolditalicuser-Bolditalic Article: The 33-year-old, who won the World Cup with France in 1998, has been a free agent since leaving New York City FC in December."
xsum,26341324,llama3_8bbase,"

Vandals damaged 11 cables in Ealing, affecting telecommunications services for thousands of customers in London and the South East, with most now reconnected.","BT said 11 cables were vandalised in Ealing, affecting people in the capital and parts of the South East, but engineers were still working on the problem. lửaćuser lửać Article: The 38-year-old, who won the last of his 14 major titles at the 2013 Masters, has not played since 2015."
xsum,30548367,llama3_8bbase,"

A family of a man killed at SXSW is suing the festival organizers, alleging they failed to provide adequate traffic safety measures, leading to his death and others.","SXSW organisers are facing lawsuits from the family of a Dutch music executive who was knocked off his bike after a car broke through a barrier at the music, film and interactive festival.(Schedulers were accused of serious safety lapses.(Schedulers were accused of serious safety lapses.schedulers were accused of serious safety lapses.schedulers were accused of serious safety lapses.schedulers were accused of serious safety lapses.schedulers were accused of serious safety lapses.schedulers were accused of serious safety lapses.schedulers were accused of serious safety lapses.schedulers were accused of serious safety lapses.schedulers were accused of serious safety lapses.schedulers were"
xsum,23906759,llama3_8bbase,"

British tennis player Dan Evans lost to Spain's Tommy Robredo in the US Open third round, despite having two set points on his own serve, in a thrilling match that lasted three hours and 13 minutes.","Roberto Robredo won a third-round match against Dan Evans in the US Open, with Evans missing out on a possible dream fourth-round match against Roger Federer."
xsum,30745137,llama3_8bbase,"

The salvage operation to pump water from the grounded Hoegh Osaka is ongoing, delayed due to poor weather conditions, with the goal of reducing the ship's 50-degree list and containing any oil contamination.","The Hoegh Osaka, a 51,000-tonne vehicle transporter, has been secured two miles (3.2km) east of the Bramble Bank sandbank from which it freed itself on Wednesday."
xsum,35553131,llama3_8bbase,"

Aberdeen-born artist is awarded the RSGS's Livingstone Medal for raising awareness about the global HIV/AIDS pandemic, a prestigious honor with a history dating back to 1901.","The singer Annie Lennox has been awarded the RSGS's latest Livingstone Medal, for raising awareness of the global HIV/AIDS pandemic.(Schedulersuser.schedulers Article: The 25-year-old was on the books at the club as a youth player and was released in 2012."
xsum,39038936,llama3_8bbase,"

News organizations are suing the FBI to reveal the identity of a security firm that helped unlock the iPhone of a mass shooter, citing the public's right to know how government funds were used.","The FBI has been ordered to release the name of the company or group of hackers that helped unlock a phone used by one of the San Bernardino, California, mass killers."
xsum,33197277,llama3_8bbase,"

Olly Murs and Caroline Flack will host The Xtra Factor, a spin-off show of The X Factor, alongside new judges Nick Grimshaw and Rita Ora, replacing departing judges and hosts.","Rochelle Humes and Melvin Odoom will host The Xtra Factor on ITV, taking over from Sarah-Jane Crawford.(SchedulersSparkSchedulersparkSchedulersparkSchedulersparkSchedulersparkSchedulersparkSchedulersparkSchedulersparkSchedulersparkSchedulersparkSchedulersparkSchedulersparkSchedulersparkSchedulersparkSchedulersparkSchedulersparkSchedulersparkSchedulersparkSchedulersparkSchedulersparkSchedulersparkSchedulersparkSchedulersparkSchedulersparkSchedulersparkSchedulersparkSchedulersparkSchedulersparkSchedulersparkSchedulersparkSchedulersparkSchedulersparkSchedulersparkSchedulersparkSchedulersparkSchedulersparkSchedulersparkSchedulersparkSchedulersparkSchedulersparkSchedulersparkSchedulersparkSchedulersparkSchedulersparkSchedulersparkSchedulers"
xsum,33815489,llama3_8bbase,"

William Hill's pre-tax profits fell 35% to £78.7m in the first half of the year due to increased gambling duties and one-off costs, despite a slight revenue increase.","William Hill's profits fell by 35% due to an increase in gambling taxes and the cost of rebranding its Australian operations. fisseuserีฬ Article: The 38-year-old, who was appointed in 2012, will leave at the end of the season. ""It is with regret that I will be leaving the club at the end of the season,"" he said. ""I have enjoyed my time at Huddersfield and I would like to thank the players, staff and supporters for their hard work and support over the last four years."" The Terriers are 17th in"
xsum,39747536,llama3_8bbase,"

Granada CF was relegated from La Liga after a 2-1 loss to Real Sociedad, ending their six-season top-flight spell, despite a late goal from Juanmi.","Real Sociedad 2, Granada CF 1."
xsum,28765782,llama3_8bbase,"

Wisconsin Governor Scott Walker declared ""Purple Hearts for Healing"" Day to honor a 12-year-old girl who was stabbed 19 times by two classmates who believed they were acting on behalf of the fictional character Slenderman.","Wisconsin Governor Scott Walker declared 13 August ""Purple Hearts for Healing"" Day for a girl who was stabbed 19 times by two girls who told police it was in ""dedication"" to Slenderman, a fictional character on the website Creepypasta..fhiruser.fhir Article: A 12-year-old girl was stabbed 19 times by two classmates who told police they were ""dedicating"" the attack to a fictional horror character."
xsum,27717735,llama3_8bbase,"

Scotland's First Minister Alex Salmond has announced a judge-led public inquiry into the Edinburgh tram project, which has faced significant delays, cost overruns, and public concern over its management.","The Scottish capital's trams began running on Saturday, after six years of disruption and cost increases.-Bolditalicuser-Bolditalic Article: A man who was convicted of murdering his former girlfriend's three-year-old daughter has been jailed for life."
xsum,37183351,llama3_8bbase,"

North Cumbria University Hospitals NHS Trust is considering removing consultant-led maternity services from Whitehaven's West Cumberland Hospital, citing infrastructure concerns and potential risks to mothers and babies.","The boss of North Cumbria University Hospitals NHS Trust said it does not look like Whitehaven has the ""infrastructure"" to maintain services, with a public consultation exercise to be launched next month to gauge opinion on the future direction of services provided by the trust.localctxuserlocalctx Article: The former England captain was appointed as the new manager of the Three Lions on 30 November 2016."
xsum,31070114,llama3_8bbase,"

The UK Army is creating a new 77th Brigade, a psychological warfare unit, to operate in the ""information age"" and use social media and unconventional tactics to influence local populations and achieve military objectives.","The Army is creating a new unit, the 77th Brigade, which will be made up of reservists and regular troops and will be inspired by the Chindits who fought in Burma in World War Two..fhiruser.fhir Article: The former England international, who has not played since May 2015, has been training with the club this summer."
xsum,39652762,llama3_8bbase,"

Garry Allen, 33, has been charged with causing death by dangerous driving after a fatal crash on the A52 in 2016 that killed 25-year-old Christopher Williams.","Garry Allen, 33, of Cressing Road, Braintree, Essex, has been charged with causing death by dangerous driving after a crash on the A52 in Bottesford, England, that killed Christopher Williams..SDK Article: The 27-year-old, who has been capped 27 times by England, was involved in a car crash in Surrey on Sunday."
xsum,33258866,llama3_8bbase,"

Sarah Sands, 32, is on trial for murdering her 77-year-old neighbor Michael Pleasted, whom she accused of abusing three boys, after stabbing him eight times in his London flat.","Sarah Sands, 32, killed her 77-year-old neighbour Michael Pleasted after drinking two bottles of wine and a bottle of brandy."
xsum,36962388,llama3_8bbase,"

Human Rights Watch and Amnesty International criticized Australia's detention center on Nauru, citing reports of abuse, rape, and inadequate medical care, and accusing the government of intentionally allowing abuse to deter asylum seekers.","The Australian government has been criticised for intentionally allowing abuse of asylum seekers in detention centres on Nauru, in an effort to deter others from attempting to reach Australia.NuitkauserNuitka Article: The UK's largest supermarket chain is launching a trial of a new scheme to reduce food waste."
xsum,32282272,llama3_8bbase,"

The Welsh Conservative leader, Andrew RT Davies, pledged to protect health spending and introduce a cancer drugs fund, while Labour accused the Tories of planning to privatize the NHS.","Welsh Conservative leader Andrew RT Davies said although devolved, health was one of the main election issues for voters..randomUUID.randomUUID.randomUUID.randomUUID.randomUUID.randomUUID.randomUUID.randomUUID.randomUUID.randomUUID.randomUUID.randomUUID.randomUUID.randomUUID.randomUUID.randomUUID.randomUUID.randomUUID.randomUUID.randomUUID.randomUUID.randomUUID.randomUUID.randomUUID.randomUUID.randomUUID.randomUUID.randomUUID.randomUUID.randomUUID.randomUUID.randomUUID.randomUUID.randomUUID.randomUUID.randomUUID.randomUUID.randomUUID.randomUUID.randomUUID.randomUUID.randomUUID.randomUUID.randomUUID.randomUUID.randomUUID.randomUUID.randomUUID.randomUUID.randomUUID.randomUUID.randomUUID.randomUUID.randomUUID.randomUUID.randomUUID.randomUUID.randomUUID.randomUUID.randomUUID.randomUUID.randomUUID.randomUUID.randomUUID.randomUUID.randomUUID.randomUUID.randomUUID.randomUUID.randomUUID.randomUUID.randomUUID.randomUUID.randomUUID.randomUUID.randomUUID.randomUUID.randomUUID.randomUUID.randomUUID.randomUUID.randomUUID.randomUUID.randomUUID.randomUUID.randomUUID.randomUUID.randomUUID.randomUUID.randomUUID.randomUUID.randomUUID.randomUUID.randomUUID.randomUUID.randomUUID"
xsum,36093072,llama3_8bbase,"

A tiny 13ft-by-9ft beach hut in Abersoch, Wales, has sold for £240,000, shattering the previous record of £70,000, despite having no electricity or water and a ban on overnight sleeping.","A beach hut at Abersoch on the Llŷn Peninsula in Gwynedd, Wales, was sold for £150,000, a record price for a beach hut in the area. fıknebiliruser fıknebilir Article: The 26-year-old, who was born in Nigeria but is a US citizen, was arrested in his home city of Minneapolis."
xsum,32106473,llama3_8bbase,"

The Clifton Village residents' parking zone signs were installed on Grade II* listed railings, sparking complaints about the impact on a conservation area, with English Heritage advising a listed building consent be sought.","Signs for a parking zone in Bristol, England, have been criticised for spoiling a conservation area.-Bold-Bold-Bold-Bold-Bold-Bold-Bold-Bold-Bold-Bold-Bold-Bold-Bold-Bold-Bold-Bold-Bold-Bold-Bold-Bold-Bold-Bold-Bold-Bold-Bold-Bold-Bold-Bold-Bold-Bold-Bold-Bold-Bold-Bold-Bold-Bold-Bold-Bold-Bold-Bold-Bold-Bold-Bold-Bold-Bold-Bold-Bold-Bold-Bold-Bold-Bold-Bold-Bold-Bold-Bold-Bold-Bold-Bold-Bold-Bold-Bold-Bold-Bold-Bold-Bold-Bold-Bold-Bold-Bold-Bold-Bold-Bold-Bold-Bold-Bold-Bold-Bold-Bold-Bold-Bold-Bold-Bold-Bold-Bold-Bold-Bold-Bold-Bold-Bold-Bold-Bold-Bold-Bold-Bold-Bold-Bold-Bold-Bold"
xsum,40415815,llama3_8bbase,"

During Portugal's worst forest fire, which killed 64 people, emergency responders were hindered by failures in the Siresp network, with pleas for help going unanswered and critical minutes lost in communication.",Portugal's Siresp (joint emergency and security network system) has had a chequered past.
xsum,34581918,llama3_8bbase,"

FIFA's presidential election will be held amidst corruption allegations against Sepp Blatter and Michel Platini, with multiple candidates vying for the top spot, including Platini, Shaikh Salman, and Chung Mong-joon.","The election will determine who will succeed Sepp Blatter, who has been president since 1998. fisseuserкористувач Article: The 35-year-old, who won the World Cup with France in 1998, has been banned for 90 days by Fifa amid allegations of corruption."
xsum,28897118,llama3_8bbase,"

A study reveals that the Madagascar pochard, a diving duck, is on the brink of extinction due to habitat destruction and starvation, with only 25 individuals remaining in the wild.","The Madagascar pochard, a diving duck, is in danger of extinction due to human activity."
xsum,38033492,llama3_8bbase,"

Hywel Dda University Health Board proposes reducing the hours of its pediatric ambulatory care unit at Withybush Hospital by four hours due to a shortage of consultant pediatricians.","The Hywel Dda University Health Board is reducing the hours of the paediatric ambulatory care unit at Withybush Hospital in Pembrokeshire, Wales, by four hours a day due to a ""longstanding difficulty"" in recruiting consultants.localctxuserlocalctx Article: The US Navy is developing a new type of aircraft carrier that could be powered by nuclear fission."
xsum,15263826,llama3_8bbase,"

Kazakhstan, a former Soviet republic, has a diverse landscape and population, with a majority of Kazakhs, and has experienced rapid economic growth since independence in 1991 under authoritarian President Nursultan Nazarbayev.",Kazakhstan is a former Soviet republic that is as diverse ethnically and religously as it is varied landscape-wise.
xsum,37595429,llama3_8bbase,"

A 45-year-old man was arrested on suspicion of a racially aggravated offence and possessing an offensive weapon during a Rosh Hashanah celebration in Greater Manchester.","A man was arrested after a man was assaulted at a Jewish celebration in Manchester, England."
xsum,34527433,llama3_8bbase,"

Bank of America reported a 5% increase in consumer banking profits and a 13% rise in residential mortgage lending, while Wells Fargo saw its first profit rise in three quarters due to commercial loan acquisitions.","Bank of America reported a rise in profits for the third quarter, helped by a $30bn portfolio of commercial loans and leases from GE."
xsum,40303872,llama3_8bbase,"

Campbell Baird rescued a cat named Francee from a tiny cavity space in his new home's wall after hearing her meowing and used social media to reunite her with her owner.","A cat was rescued after being stuck in a cavity space between the walls of a new home in Edinburgh, Scotland, for a week."
xsum,35568692,llama3_8bbase,"

French PM Manuel Valls and US Secretary of State John Kerry accused Russia of killing civilians in Syria, while Russian PM Dmitry Medvedev denied the allegations, citing a battle against terrorists.","The Russian PM Dmitry Medvedev said there was ""no evidence of our bombing civilians, even though everyone is accusing us of this""."
xsum,39151664,llama3_8bbase,"

Leyton Orient's former chairman Barry Hearn expresses regret over selling the club to Italian owner Francesco Becchetti, citing concerns over the club's financial struggles and potential relegation.",Lifelong fan Hearn sold Leyton Orient to the Italian for £4m in July 2014.
xsum,21935983,llama3_8bbase,"

Researchers at Cardiff University found that students taking the Welsh Baccalaureate are 15% less likely to achieve a first or 2:1 degree, despite being more likely to get into university.","The Welsh Baccalaureate qualification, which was introduced about a decade ago, offers a more rounded education but is less likely to result in a first or 2:1 degree. illustrioususer illustrious Article: The former England and Wales Cricket Board (ECB) chairman, who has been at the forefront of the game's efforts to increase the number of women and girls playing cricket, said the move was ""the right thing to do""."
xsum,40319923,llama3_8bbase,"

A 38-year-old man, Shaun Murphy, died in hospital after being found injured in Wythenshawe, and a 23-year-old man is in custody for questioning by Greater Manchester Police.","A 23-year-old man is in custody for questioning after a man was found injured in Greenbrow Road, Wythenshawe, England."
xsum,36478264,llama3_8bbase,"

Austria's Freedom Party has filed a legal challenge to the presidential election results, citing irregularities in postal votes and other issues that could have affected the outcome.","The Freedom Party has filed a legal challenge to the result of Austria's presidential election, alleging numerous irregularities in the handling of postal votes..fhiruser.fhir Article: The 29-year-old, who has 18 England caps, has joined the French champions for an undisclosed fee."
xsum,11935769,llama3_8bbase,"

A report recommends splitting the dual role of Jersey's Bailiff, who serves as both head of the legal system and president of the States, citing concerns over judicial impartiality and clarity.","The report suggested splitting the current role, as both head of the legal system and president of the States. illustrioususer illustrious Article: The former England international, 45, is due to be sentenced on 10 August."
xsum,38377099,llama3_8bbase,"

Carnival's shares rose 3% due to higher ticket prices and onboard spending, while Lloyds and Barclays bank shares also increased following acquisitions and strong quarterly results.","Shares in Carnival, Lloyds bank and Barclays bank rose by 3%, 2.5% and 2%, respectively, after Carnival reported strong quarterly revenues and profits, Lloyds bought the MBNA credit card firm, and Barclays bank's shares rose."
xsum,33527826,llama3_8bbase,"

Developers plan to build a 100MW pumped storage hydro scheme at Glenmuckloch, Scotland, which could generate power for over a century, as part of a larger renewable energy project at the site.","Developers claim the 100MW project at Glenmuckloch, near Kirckconnel, could generate power for more than a century..fhiruser.fhir Article: The 18-year-old was found guilty of murder following a trial at the Old Bailey."
xsum,29387866,llama3_8bbase,"

UK Conservative leader David Cameron announces a plan to build 100,000 ""starter homes"" for young people, priced 20% lower than market value, to help them achieve homeownership.",Conservative politicians and activists will gather in Birmingham from Sunday for what is the final conference before next May's general election.
xsum,35584972,llama3_8bbase,"

Hundreds of students at Jawaharlal Nehru University protest the arrest of student union leader Kanhaiya Kumar, accusing police of targeting him for his anti-establishment views and alleged involvement in anti-India slogans.",The arrest of JNU student union president Kanhaiya Kumar has sparked protests on campus.
xsum,37349129,llama3_8bbase,"

The Singapore Grand Prix is a unique and desirable event due to its nighttime racing, stunning cityscape backdrop, and challenging track, making it a must-attend on the Formula 1 calendar.","Singapore is a fascinating destination full stop, thanks to its place at the crossroads of south-east Asia and colonial past."
xsum,37160199,llama3_8bbase,"

A man with multiple sclerosis claims a DNR order was placed on his file without his consent, leading to feelings of abandonment and trauma during a hospitalization.",A man is paralysed from the neck down as a result of secondary progressive multiple sclerosis.
xsum,40694542,llama3_8bbase,"

Crystal Palace's Wilfried Zaha posted on Instagram about being racially abused by Manchester United and Liverpool fans, following a 2-0 win over West Brom.","Crystal Palace winger Wilfried Zaha posted on Instagram: ""If Man United and Liverpool fans feel better by calling me a black monkey in my messages.. feel free to carry on if it makes your day better.""ีฬuserีฬ Article: The 23-year-old was born in France to parents from Togo, and has been capped twice by the country of his birth."
xsum,19347718,llama3_8bbase,"

The Dudley Business Loan Fund, a partnership between Dudley Council and the Black Country Reinvestment Society, offers loans to small businesses in the area to stimulate the local economy and create jobs.","A Dudley Business Loan Fund is aimed at businesses in the borough with fewer than 250 staff that have struggled to secure bank loans.QualifiedName The Dudley Business Loan Fund is aimed at businesses in the borough with fewer than 250 staff that have struggled to secure bank loans.QualifiedName Article: The 29-year-old from Trowbridge, Wiltshire, was found guilty of four counts of rape and one of assault by penetration after a trial at Bristol Crown Court."
xsum,21387993,llama3_8bbase,"

A study found that pediatricians in England and Wales lack knowledge on identifying underweight children and serious complications, despite having experience with eating disorders, highlighting a need for improved training.","A study found that many paediatricians in England and Wales had poor knowledge of how to identify underweight children and the associated medical problems.localctxuserlocalctx Article: The 35-year-old, who won the 2012 US Open, has had a difficult few years after suffering a wrist injury."
xsum,35547391,llama3_8bbase,"

British Gas and EDF have announced 5.1% and 5% price reductions, respectively, benefiting customers on standard domestic gas tariffs, following a 57% drop in wholesale gas prices.","British Gas and EDF Energy have announced price cuts of 5.1%, while some commentators warn that these types of ""standard"" tariffs are among the most expensive."
xsum,38576819,llama3_8bbase,"

Scientists have discovered a new species of gibbon, the Skywalker hoolock gibbon, in China's Yunnan Province, which is named after Star Wars due to its unique characteristics and markings.","The Skywalker hoolock gibbon has been named after the Star Wars character Luke Skywalker, because the scientists are fans of the films."
xsum,30157766,llama3_8bbase,"

England's struggling one-day team, with only seven wins this year, is looking to build momentum in Sri Lanka ahead of the World Cup, where they are considered underdogs.","England beat Sri Lanka A by 56 runs in the build-up to the World Cup in Australia and New Zealand, starting in February."
xsum,40122246,llama3_8bbase,"

Trainer John Gosden reflects on the history of the Epsom Derby, a unique and demanding track, ahead of the 238th edition, where he has five runners, including Cracksman, a superior horse to his previous winner Golden Horn.","The Epsom Derby, which has its origins in a coin toss, is one of the world's best-known flat racing prizes, with 20 horses competing for a total of nearly £1.625m."
xsum,40032656,llama3_8bbase,"

South Wales Police closed Swansea's Indoor Market and bus station due to a suspect package report, but reopened areas before 17:00 BST after investigating the incident.","Swansea's Indoor Market and bus station were closed after reports of a suspect package, but reopened just before 17:00 BST.swireuserswire Article: The 34-year-old, who has 17 caps for his country, has not played since suffering a knee injury in December 2015."
xsum,17608039,llama3_8bbase,"

Yahoo announces plans to cut 2,000 jobs to save $375 million annually and focus on core businesses, while its subsidiary Skype creates 400 new positions in five cities.","Yahoo is cutting 2,000 jobs as part of a ""cost reduction programme"" to save $375m a year, with 400 new jobs being created at Skype. fık Yahoo is cutting 2,000 jobs as part of a ""cost reduction programme"" to save $375m a year, with 400 new jobs being created at Skype. fıkuser fık Article: A man who was found guilty of murdering his wife, who was shot dead at their home in the Scottish Borders, has been jailed for life."
xsum,37291821,llama3_8bbase,"

Turkish soldiers were wounded in a rocket attack by IS elements, marking the first fatalities since Turkey launched its operation in Syria, while rebels recaptured several villages from IS.","Two Turkish soldiers were killed and five wounded in a rocket attack on Turkish tanks in Syria, the Turkish military said. itemprop=""articleBody"">Two fighters from the Free Syrian Army were also killed and another two injured in the attack. itemprop=""articleBody"">The fatalities are believed to be the first since Turkey launched its operation inside Syria two weeks ago. itemprop=""articleBody"">The rocket attack was launched near the village of al-Waqf, it added. itemprop=""articleBody"">The pursuit of the Kurdish YPG militia has led to criticism by Washington, which regards the Kurds as one of"
xsum,41002743,llama3_8bbase,"

The University of Texas at Austin removed several Confederate monuments, including a statue of General Robert E. Lee, citing their connection to modern white supremacy and neo-Nazism.","A statue of Confederate President Jefferson Davis was among those taken down from the Austin campus, following a mass shooting at a church in Charleston, South Carolina."
xsum,36322869,llama3_8bbase,"

Scotland's Digital Xtra fund, backed by various organizations, aims to support extracurricular computing clubs for youngsters aged 16 and under with a £250,000 allocation.","Skills Development Scotland, Highlands and Islands Enterprise, ScotlandIS and Education Scotland are backing the Â£250,000 fund called Digital Xtra."
xsum,39459717,llama3_8bbase,"

Celtic manager Brendan Rodgers praises striker Odsonne Dembele's development, saying he's benefited from playing for the club and will leave one day, but wants him to continue improving before departing.","Celtic manager Brendan Rodgers said striker Moussa Dembele has benefited massively from making the switch to Scotland's top-flight.localctxuserlocalctx Article: The 31-year-old, who is yet to play a competitive match for his new club, will be sidelined for up to six months."
xsum,35682367,llama3_8bbase,"

Premier Inn is investing £4.5m in three new hotels in Edinburgh, creating 150 jobs and 10 apprenticeships, with one hotel featuring a hi-tech ""hub"" concept allowing guests to control room settings with an Apple Watch.","Premier Inn is opening three new hotels in Edinburgh, including a hi-tech hub, and investing £3.6m in the city.-Bolditalicuser-Bolditalic Article: The 27-year-old, who joined from Chelsea in 2014, has been a key part of the Foxes' title success. ""I have really enjoyed my time at Leicester City, but I feel the time is right for me to move on,"" he said."
xsum,36472353,llama3_8bbase,"

Retired Sheriff Peter Gillam attributes the varying sentencing rates among Scottish courts to the independence of judges, who bring their own perspectives and local knowledge to their decisions.","Courts in Scotland are jailing 20% of women appearing before them, compared to 7% in Edinburgh and 5% in Airdrie.brightlintbrightuserbright Article: A 14-year-old boy has been arrested on suspicion of murder after a man was stabbed to death in north London."
xsum,35046866,llama3_8bbase,"

Liverpool's Daniel Sturridge suffered a strain after coming on as a substitute in a match, the latest in a series of injury setbacks for the 26-year-old striker.","Daniel Sturridge, an England and Liverpool striker, has been ruled out for four weeks with a hip injury, the latest in a long line of absences."
xsum,37629558,llama3_8bbase,"

Indonesian President Joko Widodo has proposed harsher punishments for child sex crimes, including chemical castration, death penalties, and electronic tagging, following a series of high-profile cases of child sexual abuse.",Indonesia's President Joko Widodo proposed the changes in May following the gang rape and murder of a 14-year-old girl. clinically depressed user clinically depressed Article: The 24-year-old is expected to be out of action for between six and nine months.
xsum,33509656,llama3_8bbase,"

The global response to HIV has averted 30 million infections and 7.8 million deaths, with new infections and deaths declining, but awareness and treatment access remain barriers to ending the epidemic by 2030.","The UN has hailed a ""remarkable achievement"" in the fight against HIV and Aids, saying the number of people receiving antiretroviral drugs has reached 18 million, nine months ahead of schedule..KeyCharuser.KeyChar Article: A 21-year-old man was shot dead in the early hours of Sunday morning in the city's West End."
xsum,17380923,llama3_8bbase,"

James, a 23-year-old with dwarfism, will carry the Olympic torch in Rhos-on-Sea, Wales, after being nominated by a friend who was inspired by his advocacy for disability sports.","James, who has dwarfism, is carrying the Olympic torch in Rhos-on-Sea when it travels through Wales from 25-30 May."
xsum,36202526,llama3_8bbase,"

Scotland's retail sales rose 0.1% in value and 0.7% in volume between January and March, with online shopping driving growth, but consumer confidence remains fragile.","Scottish retailers experienced a ""measured increase"" in sales in the first quarter, with the volume of sales up by 0.7% and the value of sales up by 0.1%.(Schedulersetup.schedulersetup.schedulersetup.schedulersetup.schedulersetup.schedulersetup.schedulersetup.schedulersetup.schedulersetup.schedulersetup.schedulersetup.schedulersetup.schedulersetup.schedulersetup.schedulersetup.schedulersetup.schedulersetup.schedulersetup.schedulersetup.schedulersetup.schedulersetup.schedulersetup.schedulersetup.schedulersetup.schedulersetup.schedulersetup"
xsum,33586045,llama3_8bbase,"

Researchers from Seafish will conduct interviews with Northern Ireland's fishing industry to gather data on running costs for the 11th annual economic survey of the UK fishing fleet.",The Marine Management Organisation is conducting its 11th annual economic survey of the UK fishing fleet.
xsum,22799372,llama3_8bbase,"

Camilla, the Duchess of Rothesay, has been appointed the 11th chancellor of the university, succeeding Lord Wilson of Tillyorn, and attended a ceremony and reception to mark the occasion.",The Duchess of Rothesay has been appointed as the 11th chancellor of the University of St Andrews in Scotland.
xsum,37428240,llama3_8bbase,"

The Dumfries council is proposing caps on secondary school intakes and maximum primary school capacities to optimize building space and ensure effective education.",The numbers are set out in a report to go to the local authority next week.
xsum,34404662,llama3_8bbase,"

Max Verstappen, 18, passed his driving test at the first attempt, feeling relieved after completing his test just a week after starting driving lessons.","Dutch Formula 1 driver Max Verstappen passed his driving test at the first attempt on Wednesday, a week after starting driving lessons.-Boldtext-Boldtext Article: The 21-year-old, who has been on the books at the club since the age of eight, is a product of the club's academy."
xsum,39014883,llama3_8bbase,"

AFC Bournemouth midfielder Harry Arter and his partner Rachel welcomed their new baby girl, Raine, after receiving messages of congratulations and support from fans, teammates, and clubs following the birth.","Republic of Ireland international Harry Arter and his partner Rachel welcomed their daughter Raine into the world on Friday night. lửachtenuser Article: The 20-year-old, who had been on loan at Charlton, is the latest player to be signed by the League One side."
xsum,36883729,llama3_8bbase,"

As the US presidential election approaches, many Americans are switching party allegiances, with some lifelong Republicans and Democrats defecting to the opposing party due to dissatisfaction with their own party's candidates.","As jobs, opportunities and hopes have disappeared, so too has the loyalty they felt - or were encouraged to feel by the unions - towards the Democratic Party."
xsum,40800537,llama3_8bbase,"

Asda, a Walmart-owned supermarket, reported a 5.7% decline in like-for-like sales and a 19% drop in pre-tax profits due to intense competition in the UK grocery market.","Asda suffered more than most as it continued to lose ground to its rivals, with a major turnaround required at the supermarket..randomUUID.randomUUID.randomUUID.randomUUID.randomUUID.randomUUID.randomUUID.randomUUID.randomUUID.randomUUID.randomUUID.randomUUID.randomUUID.randomUUID.randomUUID.randomUUID.randomUUID.randomUUID.randomUUID.randomUUID.randomUUID.randomUUID.randomUUID.randomUUID.randomUUID.randomUUID.randomUUID.randomUUID.randomUUID.randomUUID.randomUUID.randomUUID.randomUUID.randomUUID.randomUUID.randomUUID.randomUUID.randomUUID.randomUUID.randomUUID.randomUUID.randomUUID.randomUUID.randomUUID.randomUUID.randomUUID.randomUUID.randomUUID.randomUUID.randomUUID.randomUUID.randomUUID.randomUUID.randomUUID.randomUUID.randomUUID.randomUUID.randomUUID.randomUUID.randomUUID.randomUUID.randomUUID.randomUUID.randomUUID.randomUUID.randomUUID.randomUUID.randomUUID.randomUUID.randomUUID.randomUUID.randomUUID.randomUUID.randomUUID.randomUUID.randomUUID.randomUUID.randomUUID.randomUUID.randomUUID.randomUUID.randomUUID.randomUUID.randomUUID.randomUUID.randomUUID.randomUUID.randomUUID.randomUUID.randomUUID.randomUUID.randomUUID.randomUUID.randomUUID"
xsum,36892440,llama3_8bbase,"

The two-part play ""Harry Potter and the Cursed Child"" opens in London's West End, 19 years after the final book, with critics praising its ""thrill-a-minute"" stage craft and emotional storytelling.","The Harry Potter play, written by Jack Thorne, is set 19 years after the seventh and final book in the series by JK Rowling, and is a ""truly game-changing production and a thrilling theatrical endeavour""..fhiruser.fhir Article: The American began the day in a four-way tie for the lead and recovered from a bogey on the first with his fifth birdie of the day on the 10th."
xsum,36884100,llama3_8bbase,"

Wales' First Minister Carwyn Jones has announced a £5m jobs and growth fund and a business confidence plan to mitigate the impact of Brexit on the Welsh economy.","The Welsh Government is allocating £5m to the new Growth and Prosperity Fund to ensure the economy continued to grow and Wales continued to be an attractive destination for investment..sulakeuser.sulake Article: The 14-year-old was reported missing after he left his home in St Neots, Cambridgeshire, on 7 July."
xsum,29332665,llama3_8bbase,"

Antony Ricketts, 20, was convicted in his absence for putting non-recyclable waste in blue bags and ordered to pay £206.31 in fines and costs for littering streets in Carmarthen.","A man was fined £100 for putting out waste in blue bags in Barnsfield Terrace, Wales."
xsum,37400481,llama3_8bbase,"

Redcar's RNLI lifeboat rescued three teenagers stranded on East Scar rocks in Saltburn, the latest in a spate of incidents, prompting additional signage to warn of the danger.","The RNLI in Redcar, England, has been called to East Scar rocks in Saltburn on Saturday when three teenagers became stranded."
xsum,38787241,llama3_8bbase,"

President Trump's executive order allows former Breitbart News head Steve Bannon to participate in high-level national security discussions, despite concerns over his controversial views and lack of expertise in the field.","Steve Bannon, the head of the populist right-wing, Breitbart News website, will join high-level discussions about national security in the US. lửabrightassistant Article: The 32-year-old is set to join the Championship club until the end of the season."
xsum,33393394,llama3_8bbase,"

PC David Rathband, blinded by gunman Raoul Moat in 2010, took his own life in 2012, with his family still seeking acknowledgment that he was let down by Northumbria Police.","PC David Rathband was blinded by Moat in Newcastle on 4 July, 2010 and took his own life in February 2012."
xsum,40975362,llama3_8bbase,"

Juventus won 3-0 against Cagliari, with Mario Mandzukic, Paulo Dybala, and Gonzalo Higuaín scoring, as they continued their pursuit of a seventh consecutive Serie A title.","Juventus beat Cagliari 3-0, with Gonzalo Higuaín scoring the third goal after a ""difficult angle on the right""."
xsum,35234201,llama3_8bbase,"

Leicester Tigers won 30-27 against Northampton Saints, coming from behind to secure the victory with a last-minute penalty from Burns, despite being down 21-0 early on.","Leicester Tigers beat Northampton Saints in the Premiership, with Manu Tuilagi returning from injury to score the winning try."
xsum,37220221,llama3_8bbase,"

Former rugby players Tom Hooper and Chris Rock join Bath Rugby's coaching staff, with Hooper retiring from playing and Rock transitioning from academy director role.",Former England rugby player Sam Hooper has been named as the new head of rugby at Hartpury College in Gloucestershire.
xsum,40814250,llama3_8bbase,"

A trial of the diabetes drug exenatide in Parkinson's patients suggests it may halt the progression of the disease, but more testing is needed to confirm its long-term benefits.","The diabetes drug exenatide was found to have a ""trivial"" impact on Parkinson's, but is ""encouraging"" and warrants further investigation."
xsum,37318916,llama3_8bbase,"

The article invites readers to submit questions or issues they'd like investigated, promising to potentially make the submitted question the focus of a future news story.",Is there something you have seen or heard that you would like us to investigate?
xsum,31061543,llama3_8bbase,"

The Great Tapestry of Scotland, measuring 469ft long, showcases Scotland's history and culture, featuring 160 hand-embroidered panels, now on display at Stirling Castle until March 8.","The Great Tapestry of Scotland, which uses 300 miles of yarn to show Scotland's history, is on display at Stirling Castle until 8 March.localctxuserlocalctx Article: The 21-year-old was shot in the leg by police after a raid on a house in Hoxton, east London, on 12 September 2016."
xsum,35953842,llama3_8bbase,"

The Great North Air Ambulance Service has performed 60 blood transfusions since 2015, saving lives and improving outcomes for patients with traumatic injuries, particularly those with severe bleeding.","The Great North Air Ambulance Service started a scheme in January 2015 that has delivered 60 blood transfusions to patients. fisseuser fisse Article: The US and South Korea said they would begin large-scale annual military exercises on Monday, a day after North Korea warned of a nuclear attack on the US."
xsum,21712310,llama3_8bbase,"

The Peterborough City Council's children's services have been upgraded from ""inadequate"" to ""adequate"" by Ofsted after significant improvements, including increased staff and reduced agency worker use.","The children's services department of Peterborough City Council was rated adequate by Ofsted after investing in more staff and reducing the use of agency workers.localctxuserlocalctx Article: The 20-year-old, who was born in Nigeria, will join the Gunners on 1 July."
xsum,38956779,llama3_8bbase,"

Three individuals shared their experiences of growing up with an addicted parent, describing feelings of shame, guilt, and abandonment, and how it has impacted their lives and relationships.","Three people have shared their stories with the BBC's Victoria Derbyshire programme about growing up with an addicted parent.-Bolditalicuser-Bolditalic Article: The former US president is due to speak at the annual meeting of the American Legion in Reno, Nevada, on Saturday."
xsum,39433018,llama3_8bbase,"

A police officer in Glasgow was involved in a sudden incident when a driver of a red Vauxhall Astra fled the scene after a brief interaction, leaving the officer unhurt.","A police officer was thrown into reverse by a man in a Vauxhall Astra in Glasgow, England, when he was speaking to the driver."
xsum,37675935,llama3_8bbase,"

The CBI recommends that employers offer flexible working to attract a broader range of applicants and improve diversity, citing benefits for both employees and businesses.","Since 2005, he has worked from home on Wednesday mornings and then taken the rest of the day off."
xsum,36281498,llama3_8bbase,"

Dan Carter, the leading points scorer in Test history, will lead Racing 92 in the Champions Cup final, showcasing his unique blend of physical dominance and calm, understated leadership.","New Zealand's Dan Carter will lead Racing 92's charge in the Champions Cup final against Saracens, as he maintains his ""extremely humble"" and ""extremely respectful"" philosophy..sulakeuserriteln Article: The 12-month suspension was issued by the International Association of Athletics Federations (IAAF) after the 28-year-old tested positive for the anabolic steroid methyltestosterone."
xsum,40547658,llama3_8bbase,"

Olivier Ntcham has signed a four-year contract with Celtic, citing a desire to play regular first-team football and mirror the success of compatriot Moussa Dembele.",Ntcham revealed he held talks with Celtic back in January and says a desire to play regular first-team football was a key factor in his decision to leave England's top flight and join Brendan Rodgers' squad.
xsum,39703862,llama3_8bbase,"

Fox Norton, trained by Colin Tizzard, won the Punchestown Champion Chase, defeating Un De Sceaux by a length and three quarters, ridden by Robbie Power to his seventh Grade One win of the season.","Fox Norton won the Punchestown Champion Chase, beating Un De Sceaux and God's Own by a length and three quarters and a half a length, respectively..fhiruser.fhir Article: The 29-year-old is the first British woman to be selected for the team since 2012. ""I'm absolutely over the moon,"" said the former world number one. ""I'm so grateful to have this opportunity and I'm so grateful to everyone who has helped me get here."" The British team will be led by captain Laura Davies, with the 52-year-old competing in her 12"
xsum,16554814,llama3_8bbase,"

The article previews the athletics events at the 2012 London Olympics, highlighting British athletes' chances of success, including Mo Farah and Dai Greene, and the various disciplines and events taking place.","Athletics is the centrepiece of the Olympics and is the main event, with 47 medal events in all. itemprop=""description Article: The US president has been criticised for not doing more to stop the killings."
xsum,37507998,llama3_8bbase,"

This article features a collection of photographs showcasing various scenes and events from across Africa, highlighting the diversity and richness of the continent's cultures and landscapes.",A selection of photos from across the African continent this week.ampiluserampil Article: The 20-year-old has been on the books at the Championship club since the age of eight and has represented England at youth level.
xsum,32593929,llama3_8bbase,"

Anthony Fuggle, a former classics master at Colet Court in London, pleaded guilty to possessing and making indecent images of children, possessing over 1,000 images, and was released on bail until sentencing.","A classics master at Colet Court, Barnes, south-west London, admitted possessing indecent images of children and was released on bail."
xsum,21986185,llama3_8bbase,"

Pope Francis called for global peace in his Easter address, specifically mentioning Syria, the Middle East, and Africa, while also emphasizing the need for forgiveness, love, and reconciliation.","Pope Francis called for peace in Africa, Asia, the Middle East and across the globe, singling out ""dear Syria"" and ""the suffering must there still be before a political solution is found?""-Bold textBold textBold text-Bold text-Bold text-Bold text-Bold text-Bold text-Bold text-Bold text-Bold text-Bold text-Bold text-Bold text-Bold text-Bold text-Bold text-Bold text-Bold text-Bold text-Bold text-Bold text-Bold text-Bold text-Bold text-Bold text-Bold text-Bold text-Bold text-Bold text-Bold text-Bold text-Bold text-Bold text-Bold text-Bold text-Bold text-Bold text-Bold"
xsum,33858956,llama3_8bbase,"

A new study by two London universities found that nearly 42% of female athletes reported that their menstrual cycle affects their performance, highlighting a lack of awareness and understanding of period-related issues in sports.","The Female Athlete Health Group - a collaborative project between St Mary's University and University College London - worked on two surveys, including one of London Marathon competitors."
xsum,38633880,llama3_8bbase,"

Philippine President Rodrigo Duterte is seeking to revive peace talks with communist rebels, offering confidence-building measures and a joint ceasefire deal, amid ongoing violence and disagreements over detained rebels.","The Communist Party of the Philippines (CPP) began its armed struggle in the late 1960s, and its aim has been to overthrow the government through guerrilla warfare."
xsum,36801665,llama3_8bbase,"

A blue Citroen C3 crashed into a house on the A487 in Chancery, injuring three people, with one suffering minor and two serious injuries, and a 24-year-old man arrested for dangerous driving.","A blue Citroen C3 hit a house near the Conrah Hotel on the A487 in Chancery, Wales, and three people were cut free from the wreckage..sulakeuser-lnd Article: The 33-year-old, who has won four Grand Slam titles, is due to play at the US Open in New York later this month."
xsum,38786314,llama3_8bbase,"

Wales' Lee Selby's IBF featherweight title defense against Jonathan Victor Barros was cancelled, with Selby's promoter suggesting potential future fights against Carl Frampton, Abner Mares, or Leo Santa Cruz.",Selby's IBF featherweight world title defence against Jonathan Victor Barros in Las Vegas was called off on Friday.
xsum,38721078,llama3_8bbase,"

Barcelona midfielder Sergio Busquets was injured in the eighth minute of a match, leaving the pitch on a stretcher, and his return is uncertain due to the severity of the injury.","Barcelona midfielder Sergi Roberto will be out for ""a few weeks"" after suffering a knee injury in a La Liga game against Real Betis..SDKR Article: The 28-year-old, who has played 27 of Barcelona's 32 games this season, left the pitch on a stretcher in the eighth minute of the match following a challenge from Nicolas Escalante."
xsum,35691234,llama3_8bbase,"

A report by NHS Health Scotland finds that Scotland's alcohol strategy has had some success, but more needs to be done, including introducing a minimum price for alcohol, to reduce high levels of alcohol-related harm.","NHS Health Scotland found that a ban on multi-buy drinks promotions was among a number of successful initiatives, but the decline in alcohol consumption and harm may have slowed or stalled recently.NuitkauserNuitka Article: The company has been working on the technology for more than 10 years."
xsum,31730844,llama3_8bbase,"

Konstandinos Erik Scurfield, a 25-year-old former Royal Marine, has become the first British person killed fighting Islamic State extremists in Syria, where he went to provide medical support to Kurdish forces.","The first British person killed fighting Islamic State extremists, Konstandinos Erik Scurfield, is thought to be the first British person killed fighting Islamic State extremists."
xsum,39352003,llama3_8bbase,"

Macclesfield Town defeated Maidstone United 3-0, with Rhys Browne, Danny Whittaker, and Jack Mackreth scoring the goals, moving the Silkmen within six points of the top five with five games left.","Macclesfield Town 3, Maidstone United 0."
xsum,37114191,llama3_8bbase,"

Bolivia's new School of Anti-Imperialism aims to counteract the US-trained School of the Americas by teaching soldiers to identify threats to national sovereignty and promoting human rights.",The School of Anti-Imperialism in Bolivia is based in the city of Santa Cruz in eastern Bolivia and will initially take 100 recruits.
xsum,35631314,llama3_8bbase,"

An opinion poll suggests a hung Dáil is increasingly likely, with Labour and Sinn Féin's support dropping and Fianna Fáil and Independents gaining ground, potentially leading to an indecisive election result.","A poll for The Irish Times suggests the odds of a hung Dáil (parliament) are increasing, with no change in Fine Gael support since the election campaign began and a drop in Labour Party support to just 6%.(Schedulers) The Irish Times .schedulers.schedulers.schedulers.schedulers.schedulers.schedulers.schedulers.schedulers.schedulers.schedulers.schedulers.schedulers.schedulers.schedulers.schedulers.schedulers.schedulers.schedulers.schedulers.schedulers.schedulers.schedulers.schedulers.schedulers.schedulers.schedulers.schedulers.schedulers.schedulers.schedulers.schedulers.schedulers.schedulers.schedulers.schedulers.schedulers.schedulers.schedulers.schedulers.schedulers.schedulers.schedulers.schedulers.schedulers.schedulers.schedulers.schedulers.schedulers.schedulers.schedulers.schedulers.schedulers.schedulers.schedulers.schedulers.schedulers.schedulers.schedulers.schedulers.schedulers.schedulers.schedulers.schedulers.schedulers.schedulers.schedulers.schedulers"
xsum,32969336,llama3_8bbase,"

The USS Ross, a US Navy ship, was involved in a tense encounter with Russian planes in the Black Sea, with Russia accusing the ship of acting aggressively and the US denying any wrongdoing.","The USS Ross was accused of acting ""aggressively"" by Russian state media, which reported the ship was violating the frontier of the Black Sea. illustrioususer illustrious Article: The 24-year-old was on the bench for the win over Crystal Palace on Saturday, with manager Mauricio Pochettino saying the midfielder was ""very close"" to a return."
xsum,27865037,llama3_8bbase,"

The Welsh government's £4.6m five-year badger immunization program in north Pembrokeshire is over halfway complete, with infection rates falling nationwide, but its additional benefit is still unknown.","The Welsh government is more than halfway through a £4.6m five-year programme to immunise badgers in north Pembrokeshire, with infection rates falling across Wales. clinicallyuser clinically Article: The company, which is based in the US, said the move was to ""reduce complexity"" in its business."
xsum,36568381,llama3_8bbase,"

Lewis Hamilton will start 10th in the Azerbaijan Grand Prix after a disastrous qualifying session, where he made a series of mistakes and failed to set a competitive lap time.","Lewis Hamilton crashed out of qualifying for the Azerbaijan Grand Prix after a series of mistakes, with Nico Rosberg on pole.-Bold Claudius Article: A man who was ""determined"" to become a terrorist and who had been radicalised in prison was convicted of planning a ""lone wolf"" attack."
xsum,29856302,llama3_8bbase,"

Four parishioners in St Peter Port have put themselves forward for election, leaving one seat vacant due to a lack of interest and understanding of the role, with some attributing the issue to controversy over the town centre manager's appointment.","Four St Peter Port parishioners have put themselves forward for election, but with five seats up for grabs there will be a vacancy.(Schedulers are encouraged to avoid using contractions such as ""it's"" and ""won't"".) Article: The 30-year-old, who won the award in 2013, has not played since 1 January after undergoing surgery to treat an ankle injury."
xsum,34338135,llama3_8bbase,"

Swansea council is investigating reports of a mysterious noise in Townhill and Mayhill, with a potential source located and the public asked to provide information.",Swansea council said it was contacted by South Wales Evening Post after readers reported the problem in Townhill and Mayhill to the paper.
xsum,35870330,llama3_8bbase,"

Fiji international Vereniki Goneva has signed with Newcastle Falcons, bringing his experience and try-scoring ability to the team's back-line for the upcoming season.",Newcastle Falcons have signed Fiji international Vereniki Goneva from Leicester Tigers on a three-year deal.
xsum,38485946,llama3_8bbase,"

According to Drug Aid Cymru, the number of deaths related to drugs has increased in 2015, largely due to the strength of heroin and the lack of awareness among users.","Drug Aid Cymru, mae hynny oherwydd cryfder y cyffur a nifer y defnyddwyr sydd ddim yn wybodus i wasanaethau..fhiruser.fhir Article: A woman has died after being hit by a car in a car park in the Scottish Borders."
xsum,36183569,llama3_8bbase,"

US Secretary of State John Kerry said progress has been made in Geneva talks to reduce violence in Aleppo, but more work is needed to achieve a lasting ceasefire in Syria's five-year civil war.","The US and Russia are trying to rescue a cessation of hostilities in Syria's five-year civil war after a recent air strike on a hospital in Aleppo, which US Secretary of State John Kerry blamed on the Syrian government. licensorsuser licensors Article: The 34-year-old has been on the sidelines since 30 May after damaging ankle ligaments in the 2-0 win over Manchester United."
xsum,32744293,llama3_8bbase,"

SDLP leader John McDonnell faces criticism for refusing to resign, but he insists he will not step down and will instead work within party rules to continue leading the party.","The leader of the Social Democratic and Labour Party, Mark H."
xsum,30972362,llama3_8bbase,"

New Zealand's Kane Williamson and Ross Taylor shared a 117-run stand to help their team post 315-8, before Sri Lanka was bowled out for 195 in an emphatic victory.","New Zealand beat Sri Lanka in the fifth ODI by 120 runs to complete a 3-0 series win, with Kumar Sangakkara making his 93rd one-day international fifty but falling in the 38th over.(Schedulers are not allowed to make submissions in this subreddit.Schedulers are not allowed to make submissions in this subreddit.schedulers.schedulers.schedulers.schedulers.schedulers.schedulers.schedulers.schedulers.schedulers.schedulers.schedulers.schedulers.schedulers.schedulers.schedulers.schedulers.schedulers.schedulers.schedulers.schedulers.schedulers.schedulers.schedulers.schedulers.schedulers.schedulers.schedulers.schedulers.schedulers.schedulers.schedulers.schedulers.schedulers.schedulers.schedulers.schedulers.schedulers.schedulers.schedulers.schedulers.schedulers.schedulers.schedulers.schedulers.schedulers.schedulers.schedulers.schedulers.schedulers.schedulers.schedulers"
xsum,36929355,llama3_8bbase,"

A small fire involving two pieces of cardboard in a basement car park of the Olympic Village was quickly controlled by fire authorities and evacuated occupants were allowed to return after 30 minutes.","The Rio 2016 Olympic Village caught fire after the Australian delegation refused to move into the building on Sunday citing ""blocked toilets, leaking pipes and exposed wiring""."
xsum,39127206,llama3_8bbase,"

Australian actress Dannii Minogue, who has Welsh roots, helps teach Welsh language to celebrities on the BBC series Let It Shine and Casualty, which films in Cardiff.","Dannii Minogue, actorion Eastenders, Casualty a'r gyfres Let It Shine, a'r gantores, wedi bod yn disgleirio fel un o feirniaid y gyfres Let it Shine yn ddiweddar ar y BBC."
xsum,36128318,llama3_8bbase,"

UK Home Secretary Theresa May endorsed the Remain campaign, stating that the UK is more secure from crime and terrorism as an EU member, while also expressing concerns about EU expansion and human rights.","The UK's Home Secretary, Theresa May, has warned that leaving the European Convention on Human Rights would ""bind the hands of Parliament""..sulakeuser отлицта Article: The BBC's chief international correspondent Lyse Doucet The US has already sanctioned the Syrian president's wife and mother-in-law, and now his son and brother are added to the list."
xsum,33131935,llama3_8bbase,"

A car crash on Mountain Road in Carmarthenshire has left one boy in hospital, with the road closed while police investigate and a second vehicle seized at the scene.","Two boys were injured in a crash in Carmarthenshire, Wales, and the road remains closed while investigations are carried out. quần lót nữ Article: The 18-year-old was taken to hospital after the crash in the early hours of Sunday."
xsum,36570890,llama3_8bbase,"

Eight people were injured and four others killed when Syrian civilians attempted to cross into Turkey, with Turkish authorities disputing the circumstances of the incident.","A further eight people were injured, said the Syrian Observatory for Human Rights, a UK-based monitoring group."
xsum,37347053,llama3_8bbase,"

The UK government is to meet with Southern Rail to discuss resolving a long-running dispute over the role of guards on new trains, which has caused widespread delays and cancellations.","The government is to meet with Southern Rail, which links London with Surrey, Sussex, Kent and Hampshire, to discuss the rail company's ""systemic failures"" and the ""unnecessary action"" of the RMT union.(Schedulers.schedulers(Schedulers.newThread()).scheduleAtFixedRate(1, 1, () -> { if (StringUtils.isBlank(summary)) { throw new RuntimeException(""Summary is blank.""); } System.out.println(summary); }); .schedulers(Schedulers.newThread()).scheduleAtFixedRate(1, 1, () -> { if (StringUtils.isBlank(summary)) { throw new RuntimeException(""Summary is blank."");"
xsum,39272285,llama3_8bbase,"

Sport Wales has refused to fund the Welsh Amateur Boxing Association unless new directors are appointed, citing a lack of good governance and failure to follow its own rules.",Sport Wales said it would not consider the Welsh Amateur Boxing Association's application for future public funding unless new directors were appointed..ContextCompat Article: The former England international was on the bench for the 1-1 draw with Sheffield Wednesday on Saturday.
xsum,35280425,llama3_8bbase,"

Scotland's Scottish Rugby Union has partnered with English Championship club London Scottish, appointing Sean Lineen as director of rugby and Roddy Grant as forwards coach to aid the club's development and prevent relegation.","Scotland's national rugby union team has a new partnership with London Scottish, with the Championship club having players on loan from Edinburgh and Glasgow Warriors."
xsum,24388238,llama3_8bbase,"

Three young men, aged 17 to 20, were ordered to perform community service for causing £40,000 of damage and vandalism at a Glasgow cemetery, including spray-painting racist graffiti on headstones.","Three teenagers were ordered to carry out 126 hours of unpaid work after they caused Â£40,000 of damage at the Necropolis in Glasgow, England.(Schedulers.schedulers(Schedulers.newThread()).createWorker().submit(() -> {for (int i = 0; i < 1000000; i++) {System.out.println(i);}}).get(); Article: The 31-year-old has been suspended since 12 April, when he was arrested and charged with a single count of domestic violence."
xsum,39253748,llama3_8bbase,"

Scotland manager Gordon Strachan has named a 27-man squad for upcoming friendlies and a World Cup qualifier, including first-time call-ups for Ryan Fraser, Tom Cairney, and Stuart Armstrong.","Scotland manager Gordon Strachan has included Bournemouth's Ryan Fraser, Fulham's Tom Cairney and West Brom's Matt Phillips in his 29-man squad for the friendlies against Canada and Slovenia. itemprop=""articleBody""> itemprop=""articleBody""> Article: The 24-year-old, who was born in the US, has been capped 38 times for the Republic of Ireland."
xsum,34876987,llama3_8bbase,"

A 53-year-old motorcyclist, Michael Waldman, died in a collision with a car on a rural road in East Sussex, while traveling with three other motorcyclists.","A motorcyclist died after his Kawasaki ZX-6R collided with a Seat Ibiza on the B2096 near Netherfield, England. itemprop=""publisher"" itemscope itemtype=""http://schema.org/Organization"" itemprop=""name"">BBC Sport Article: The 29-year-old, who is on loan from Bournemouth, will join the club on a permanent deal once his Cherries contract expires next summer."
xsum,36209258,llama3_8bbase,"

The body of 73-year-old Thomas Davidson from Dalkeith was found in the River North Esk three days after he was reported missing, with police ruling out suspicious circumstances.","The body of a man who went missing from Dalkeith, Scotland, was found by a member of the public in the River North Esk, near Dalkeith.(Schedulers)�រ�រuser�រ Article: The 17-year-old, who was born in Germany to Congolese parents, was released by Chelsea in January and signed a three-year deal with the Bundesliga side."
xsum,36854437,llama3_8bbase,"

Gloucester City Council has introduced Public Space Protection Orders to ban begging and public nuisance in the city centre, with fines and prosecution for those who refuse to engage with support services.","Gloucester City Council has adopted new powers to stop people begging and causing a public nuisance, after complaints of people injecting drugs and aggressive begging.rbrakk Article: The 24-year-old, who has been capped 11 times by Wales, was at the centre of the action in the first half."
xsum,33235855,llama3_8bbase,"

England secured a historic 2-1 victory over Norway in the Women's World Cup, with Lucy Bronze's winning goal sending them through to the quarterfinals for the first time.","Lucy Bronze's goal in the 92nd minute gave England a 2-1 victory over Norway in the Women's World Cup, the first time they've won a knockout match. oldukdaşuser Article: The 36-year-old, who has not played since May, will wear the number 23 shirt in his second spell at the club."
xsum,37576197,llama3_8bbase,"

Russian hackers, known as Fancy Bears, released emails detailing therapeutic use exemptions for athletes, with USADA CEO calling the release a ""malicious and illegal invasion of athlete privacy"" and a ""smear campaign"".","The World Anti-Doping Agency (Wada) has been hacked, and emails detailing athletes who have been given permission to take banned substances for medical reasons were released."
xsum,34454741,llama3_8bbase,"

The Cube in Corby, a £48m building, has completed its fourth floor office space and is now available for rent, following a series of issues and a cost overrun.","The Cube in Corby, England, has cost £48m, but it has now been completed and is available for rent."
xsum,34766970,llama3_8bbase,"

A 25% cut to college budgets could lead to the closure of 136 colleges, according to Labour's analysis, which warns of devastating consequences for post-16 education.","Labour says 136 colleges are at risk of closure if the government cuts further education budgets by 25%, but the government says it is determined that post-16 providers have the resources they need to ensure young people in further education can enjoy high-quality courses."
xsum,35336618,llama3_8bbase,"

Brazil's Health Minister prioritizes testing pregnant women for Zika, which has caused a surge in birth defects, and announces extra funds to speed up vaccine development.","Brazil has announced plans to test all pregnant women for Zika, with priority given to those who show symptoms of the virus..fhirsystemкористувач.fhir Article: The first of the 20 new trains will be in service by the end of the year, with the rest following in 2017."
xsum,33354824,llama3_8bbase,"

The General Practice Extraction Service, meant to share GP data with health bodies, has cost £40m to set up, is late, and has only provided data to NHS England, falling short of its original purpose.","The General Practice Extraction Service cost Â£40m to set up, instead of the Â£14m it was originally budgeted for..ContextCompatuser.ContextCompat Article: The UK's largest supplier of gas, Centrica, has said it will cut the price of its gas by 5% from 1 October."
xsum,40322608,llama3_8bbase,"

Davide Nicola, Crotone's coach, has fulfilled his promise to save the team from relegation after a remarkable late-season run, earning 34 points in their maiden top-flight campaign.","Davide Nicola, who made a deal with his players to avoid relegation from Serie A with Crotone, is now ""very excited"" after being greeted with ""great enthusiasm"" in his home town of Vigone near Turin.(SchedulersLightSchedulersLightuser(SchedulersLight Article: The two men, who cannot be named for legal reasons, had been due to stand trial at Bristol Crown Court on 21 August."
xsum,30534259,llama3_8bbase,"

Armed police responded to a report of a firearm at Highcliffe School in Christchurch, leading to a lockdown and search, but no one was injured and the school has since reopened.","Armed police were called to Highcliffe School in Christchurch, England, after a 26-year-old man from Christchurch was found with air pellets._liteuser_lite Article: A 26-year-old man from Christchurch was initially held on suspicion of firearm offences but was de-arrested at the scene."
xsum,19853740,llama3_8bbase,"

California's fuel prices have surged to an average of $4.49 per gallon, with some areas reaching $5.69, due to refinery disruptions, pollution limits, and supply chain issues.","Petrol prices in California, US, are at their highest ever, with$5.69 a gallon (Â£0.91 per litre) being charged in one part of the Golden State..SDKSDKSDKSDKSDKSDKSDKSDKSDKSDKSDKSDKSDKSDKSDKSDKSDKSDKSDKSDKSDKSDKSDKSDKSDKSDKSDKSDKSDKSDKSDKSDKSDKSDKSDKSDKSDKSDKSDKSDKSDKSDKSDKSDKSDKSDKSDKSDKSDKSDKSDKSDKSDKSDKSDKSDKSDKSDKSDKSDKSDKSDKSDKSDKSDKSDKSDKSDKSDKSDKSDKSDKSDKSDKSDKSDKSDKSDKSDK"
xsum,38329806,llama3_8bbase,"

Gianfranco Zola has been appointed as the new manager of Birmingham City, replacing Rowett, with the goal of returning the club to the Premier League.","Birmingham City fans were shocked by the club's decision to replace the immensely popular Rowett with Gianfranco Zola, who is a ""great guy"" but ""will come down heavily"" on players who do not adhere to his wishes."
xsum,37592684,llama3_8bbase,"

The US Department of Homeland Security and Director of National Intelligence have attributed hacked emails to Russia-directed efforts, citing the scope and sensitivity of the attacks, but emphasized that altering election results is extremely difficult.","Recent hacked emails are ""consistent with the methods and motivation of Russia-directed efforts"", the Department of Homeland Security said..fhiruser.fhir Article: The 29-year-old was arrested on 16 July after he was spotted by a member of the public."
xsum,40340131,llama3_8bbase,"

A 36-year-old person has been arrested and charged after a gun was fired in Dalkeith, Scotland, with no injuries or damage reported, and a firearm recovered during an investigation.","A man was arrested after a gun was fired in Dalkeith, Scotland, in the early hours of Sunday morning..ContextCompat.ContextCompat.ContextCompat.ContextCompat.ContextCompat.ContextCompat.ContextCompat.ContextCompat.ContextCompat.ContextCompat.ContextCompat.ContextCompat.ContextCompat.ContextCompat.ContextCompat.ContextCompat.ContextCompat.ContextCompat.ContextCompat.ContextCompat.ContextCompat.ContextCompat.ContextCompat.ContextCompat.ContextCompat.ContextCompat.ContextCompat.ContextCompat.ContextCompat.ContextCompat.ContextCompat.ContextCompat.ContextCompat.ContextCompat.ContextCompat.ContextCompat.ContextCompat.ContextCompat.ContextCompat.ContextCompat.ContextCompat.ContextCompat.ContextCompat.ContextCompat.ContextCompat.ContextCompat.ContextCompat.ContextCompat.ContextCompat.ContextCompat.ContextCompat.ContextCompat.ContextCompat.ContextCompat.ContextCompat.ContextCompat.ContextCompat.ContextCompat.ContextCompat.ContextCompat.ContextCompat.ContextCompat.ContextCompat.ContextCompat.ContextCompat.ContextCompat.ContextCompat.ContextCompat.ContextCompat.ContextCompat.ContextCompat.ContextCompat.ContextCompat.ContextCompat.ContextCompat.ContextCompat.ContextCompat.ContextCompat.ContextCompat.ContextCompat.ContextCompat.ContextCompat.ContextCompat.ContextCompat.ContextCompat.ContextCompat.ContextCompat.ContextCompat.ContextCompat.ContextCompat.ContextCompat.ContextCompat.ContextCompat.ContextCompat.ContextCompat"
xsum,35623366,llama3_8bbase,"

Celtic midfielder Callum Christie, signed from Inverness Caledonian Thistle, reflects on his first appearances for his new team, praising his former side while expressing delight at finally making an impact on the pitch.","Celtic midfielder Callum Christie said it was ""strange"" playing against former team mates Inverness Caledonian Thistle, but he is ""delighted"" to be making appearances for the Glasgow club.localctxuserlocalctx Article: The 21-year-old, who has been capped by Scotland at under-21 level, has made 11 appearances for the Dons this season."
xsum,41014093,llama3_8bbase,"

Tony De Brum, a passionate advocate for small island states, played a crucial role in securing the Paris Climate Agreement, pushing for a 1.5C temperature goal and building a coalition of 100 nations.","Tony De Brum, the Marshall Islands' foreign minister, died at his home in Majuro, the capital of the Marshall Islands."
xsum,19614862,llama3_8bbase,"

The UK government plans to introduce a fee for foreign lorries using British roads, offset by a cut in vehicle excise duty, to create a ""level playing field"" for UK hauliers.","The government will introduce a £10 fee for all foreign lorries using British roads, which will be offset by an equivalent cut in vehicle excise duty..randomUUID.randomUUID.randomUUID.randomUUID.randomUUID.randomUUID.randomUUID.randomUUID.randomUUID.randomUUID.randomUUID.randomUUID.randomUUID.randomUUID.randomUUID.randomUUID.randomUUID.randomUUID.randomUUID.randomUUID.randomUUID.randomUUID.randomUUID.randomUUID.randomUUID.randomUUID.randomUUID.randomUUID.randomUUID.randomUUID.randomUUID.randomUUID.randomUUID.randomUUID.randomUUID.randomUUID.randomUUID.randomUUID.randomUUID.randomUUID.randomUUID.randomUUID.randomUUID.randomUUID.randomUUID.randomUUID.randomUUID.randomUUID.randomUUID.randomUUID.randomUUID.randomUUID.randomUUID.randomUUID.randomUUID.randomUUID.randomUUID.randomUUID.randomUUID.randomUUID.randomUUID.randomUUID.randomUUID.randomUUID.randomUUID.randomUUID.randomUUID.randomUUID.randomUUID.randomUUID.randomUUID.randomUUID.randomUUID.randomUUID.randomUUID.randomUUID.randomUUID.randomUUID.randomUUID.randomUUID.randomUUID.randomUUID.randomUUID.randomUUID.randomUUID.randomUUID.randomUUID.randomUUID"
xsum,20773800,llama3_8bbase,"

UKIP candidate Geoffrey Clark has been suspended after proposing compulsory abortion for babies with disabilities to reduce national debt, sparking outrage from disability charities and the party itself.",A UKIP candidate has been suspended after saying he would not be a UKIP councillor if elected because he supports the idea of forced abortions for people with Down's syndrome.
xsum,37258984,llama3_8bbase,"

The UK's hospitality industry is experiencing short-term benefits from the Brexit vote, but long-term uncertainty and potential staff shortages are major concerns due to the impact on EU visitors and workers.",The UK's decision to leave the EU has been a mixed blessing for the Scottish tourist industry.
xsum,38327225,llama3_8bbase,"

The musical ""Dreamgirls"" has finally opened in the West End after 35 years, featuring a predominantly black cast and starring Amber Riley as Effie White in its London debut.","Dreamgirls, a musical about a black female singing trio, opened on Broadway in 1981 and took 35 years to reach the West End."
xsum,11991724,llama3_8bbase,"

The Very Rev Dr Houston McKelvey will lead the annual ""Black Santa"" sit-out outside St Anne's Cathedral, raising money for charities in Northern Ireland and Christian Aid until Christmas Eve.","The dean of Belfast, Rev Houston McKelvey, will retire in April 2011 and will sit outside St Anne's Cathedral until Christmas Eve, continuing a tradition begun 30 years ago..sulakeuser.sulake Article: The BBC's political editor Nick Robinson says the prime minister has decided to stay in Downing Street to ""fight another day""."
xsum,37763052,llama3_8bbase,"

The number of migrant deaths in the Mediterranean has surged, with over 3,740 fatalities reported, a threefold increase from last year, as smugglers use riskier routes and tactics.","The death rate of migrants crossing the Mediterranean to Italy has increased threefold, with smugglers using riskier routes and sending out several boats at the same time. illustrioususer illustrious Article: The 30-year-old, who was due to be the club's first-team coach, was found dead at his home in the Spanish city of Valencia."
xsum,12261276,llama3_8bbase,"

Small-scale cocoa farmers in Sao Tome and Principe have seen a 10-fold increase in production and income since 2004, thanks to the development of farmers' co-operatives and Fairtrade certification.","Sao Tome and Principe's cocoa crop has increased tenfold since 2004, thanks to the development of farmers' co-operatives which have allowed them to cut out the middlemen who took a large chunk of the profits..randomUUID.randomUUID.randomUUID.randomUUID.randomUUID.randomUUID.randomUUID.randomUUID.randomUUID.randomUUID.randomUUID.randomUUID.randomUUID.randomUUID.randomUUID.randomUUID.randomUUID.randomUUID.randomUUID.randomUUID.randomUUID.randomUUID.randomUUID.randomUUID.randomUUID.randomUUID.randomUUID.randomUUID.randomUUID.randomUUID.randomUUID.randomUUID.randomUUID.randomUUID.randomUUID.randomUUID.randomUUID.randomUUID.randomUUID.randomUUID.randomUUID.randomUUID.randomUUID.randomUUID.randomUUID.randomUUID.randomUUID.randomUUID.randomUUID.randomUUID.randomUUID.randomUUID.randomUUID.randomUUID.randomUUID.randomUUID.randomUUID.randomUUID.randomUUID.randomUUID.randomUUID.randomUUID.randomUUID.randomUUID.randomUUID.randomUUID.randomUUID.randomUUID.randomUUID.randomUUID.randomUUID"
xsum,35116452,llama3_8bbase,"

EU leaders will discuss border security and migration at a summit, aiming to balance the need for freedom of movement with the need to prevent terrorist attacks and protect external borders.","The EU summit in Brussels is being held to discuss the migration crisis and the future of Schengen, the passport-free zone, but the two discussions will be kept separate..sulakeuser_lite Article: The two were found guilty of conspiring to murder Mr Blackwell and of attempting to murder a second man, who was also shot at in the attack."
xsum,40107476,llama3_8bbase,"

The National Railway Museum has donated Locomotive No 563, a historic 1893 steam engine, to the Swanage Railway for restoration and potential return to steam.","A locomotive from the London and South Western Railway has been given to the Swanage Railway by the National Railway Museum. itemprop=""name"" Locomotive No 563, which hauled trains on the London and South Western Railway, has been given to the Swanage Railway by the National Railway Museum. itemprop=""description"" Article: The 18-year-old, who has scored twice for the Republic of Ireland, has signed a three-year deal."
xsum,39501049,llama3_8bbase,"

Wales midfielder Jess Fishlock became the first Welsh international to win 100 caps, scoring a goal in a 3-1 win over Northern Ireland in a two-match series.","Wales beat Northern Ireland 3-1 in a women's international football match, with Fishlock becoming the first Wales international to win 100 caps.-Bolduser-Bold Article: The 31-year-old, who was part of the England side that won the 2015 World Cup, was the first to sign for the new side."
xsum,39642178,llama3_8bbase,"

Apple and Unwired Planet have settled a patent dispute over iPhone and iPad technology, with the terms of the agreement remaining undisclosed.","Unwired Planet settled a case against Apple in the early hours of the day the US trial was to begin, after claiming the iPhone and iPad made use of its tech.(Schedulers user.schedulers()) Article: The 21-year-old, who joined from Chelsea in 2015, is one of a number of players to have been omitted from the squad for the new season."
xsum,36652079,llama3_8bbase,"

Developers of a long-planned £800m project at Peelhouses Farm, which was granted permission in 2010, are seeking to extend the timeline and consider a phased approach to bring the internet hub to life.","Plans for an Â£800m internet hub in Dumfries and Galloway, Scotland, have been extended by three years.liquicuserliquic Article: The 19-year-old, who is on loan at Celtic from Manchester City, had a trial at the club as a 15-year-old."
xsum,32589706,llama3_8bbase,"

A £1m Welsh government-funded plan aims to combat the rising deaths from liver disease, largely caused by obesity, alcohol misuse, and viral hepatitis, by increasing clinical expertise and promoting personal health responsibility.","Deaths from liver disease in Wales have more than doubled in the past 20 years, due to an increase in obesity, alcohol misuse and blood borne viral hepatitis..fhirsystemuser.fhir Article: A 14-year-old boy has been arrested on suspicion of murder following the death of a man in a house fire in Manchester."
xsum,38590589,llama3_8bbase,"

D.H. Lawrence, author of Women in Love, wrote a scathing note in 1919 about Pangbourne, England, calling it ""repulsive"" and complaining about the smell, before leaving Britain for good three months later.","D H Lawrence wrote a letter to a friend in 1919 calling the town of Pangbourne ""repulsive"" because it ""sort of smells"" of women and petrol..execSQL.execSQLuser.execSQL Article: The US has been accused of ""playing games"" with North Korea, as tensions rise over its nuclear programme."
xsum,37934604,llama3_8bbase,"

Eifion Gwynne, a 41-year-old rugby player, will be buried at Plascrug Cemetery in Aberystwyth after a plot was transferred to his family, allowing him to be laid to rest in his desired location.","Eifion Gwynne, 41, died last month and previously expressed his wish to be buried at Plascrug Cemetery, Aberystwyth."
xsum,36884862,llama3_8bbase,"

Following a pre-season friendly between Grimsby Town and Sheffield United, four fans were charged with various offenses after a disorderly incident at Blundell Park, with further arrests expected.","Glasses, bottles and other items were thrown after a pre-season friendly between Grimsby Town and Sheffield United on Saturday."
xsum,36083416,llama3_8bbase,"

Wigan Warriors secured a thrilling 24-22 win over Huddersfield Giants, with Dan Sarginson's late try securing the victory and moving the Warriors two points clear at the top of the Super League table.","Wigan Warriors' Joe Burgess scored a hat-trick of tries to help his team beat Huddersfield Giants 26-24, while his brother George scored two tries for the Warriors."
xsum,33839050,llama3_8bbase,"

Thousands of people gathered in Kampala to celebrate Uganda's Pride parade, advocating for gay rights and challenging anti-gay legislation, despite strong opposition from many Ugandans.","Crowds danced, sang and waved rainbow flags at the event held outside the capital Kampala, the culmination of a week of celebrations."
xsum,18464690,llama3_8bbase,"

Spain is implementing drastic spending cuts to slash its budget deficit, despite economists warning the target is unrealistic and the austerity measures may undermine the country's economic recovery.","Spain has the highest unemployment rate in the eurozone, with almost one in four workers out of a job. nhuận Article: The 34-year-old was arrested in 2011 for possessing a small amount of marijuana and was sentenced to 30 days in jail, but was released after 11 days."
xsum,30681904,llama3_8bbase,"

A Libyan military tanker was bombed at the port of Derna, killing and injuring crew members, after it failed to submit to inspection and took an unauthorized route into a military zone.","A Libyan military spokesman said the ship's movements at the port of Derna had aroused suspicion, but the oil company said the ship was delivering fuel to industrial facilities there and the authorities had been kept informed.(Schedulers of Libya's National Oil Corporation said the tanker had picked up 13,000 tonnes of heavy fuel oil in Brega, a port south of Libya's second city, Benghazi, which it was due to deliver to a power plant and water purification facility in Derna.(Schedulers of Libya's National Oil Corporation said the tanker had picked up 13,000 tonnes of heavy fuel oil in"
xsum,27834240,llama3_8bbase,"

Thousands of indigenous Munduruku people in Brazil are protesting against government plans to build five hydroelectric dams that will flood their land and disrupt their way of life.","Brazil is copying the oil-rig system used in the North Sea, bringing in workers by boat for two-week work shifts rather than building roads, to mitigate the environmental impact of its hydropower expansion plans."
xsum,35025075,llama3_8bbase,"

Kajsa Tylen, 38, is attempting to break a 77-year-old record by cycling 36,000 miles across Europe with her mother, Tina, serving as her back-up and support.","Kajsa Tylen, 38, from Nottingham, is intending to ride about 36,000 miles (58,000km) to break the 77-year-old record for the longest distance cycled by a woman."
xsum,33316985,llama3_8bbase,"

Spain and Portugal have issued heatwave warnings, with temperatures expected to reach 44C, increasing the risk of forest fires and heat-related illnesses, and prompting concern across Europe.","The Spanish city of Cordoba has issued a red alert, and a number of provinces in Spain and Portugal have issued warnings about the high temperatures..fhirsystem.fhiruser.fhir Article: The 21-year-old was arrested in the city of Makhachkala, in the north of the mainly Muslim region of Dagestan, on 5 July."
xsum,34050457,llama3_8bbase,"

Transport Scotland is moving forward with design work on improving the A9 trunk road at Berriedale Braes, despite receiving objections and criticism from the Caithness Chamber of Commerce.",The A9 trunk road in the Highlands is to be improved as part of a £100m investment in the area.
xsum,34423311,llama3_8bbase,"

At least 15 people, including the bombers, were killed and over 35 injured in a suicide bombing attack on a mosque and vigilante leader's house in Maiduguri, Nigeria.","Fourteen people, including the bombers, died and more than 35 were injured in attacks in the city of Maiduguri, the capital of Borno state..ContextCompatuser.ContextCompat Article: The 29-year-old, who has been at the club since 2011, has scored 10 goals in 34 games this season."
xsum,34833945,llama3_8bbase,"

Gateshead's new signing, Honeyman, has made three league appearances, scoring once, and will be eligible for selection in the FA Trophy starting in December.",Gateshead United have signed Sunderland midfielder George Honeyman on a one-month loan deal.
xsum,40559523,llama3_8bbase,"

Mansfield 103.2 radio station has been targeted eight times in a month, with its outside broadcasts hijacked and replaced with the song ""The Winker's Song"" by comedy band Ivor Biggun.",A radio station has been hijacked eight times in the past month by a man who interrupts broadcasts with a song about a penis.
xsum,15631612,llama3_8bbase,"

Oregon is piloting a program using iPads and portable printers to make voting easier for disabled residents, with a goal of expanding the technology statewide if the program is successful.","Oregon is using iPads and portable printers to make voting easier for disabled residents, as part of a pilot program in five counties.localctxuserlocalctx Article: The US president said he would like to see the Republican candidate run for office in 2018."
xsum,34428424,llama3_8bbase,"

Ben, a 22-year-old cricketer, has been selected for the England Lions squad after helping Surrey win promotion to Division One of the County Championship in his first season.",Ben Foakes has been named in the England Lions squad for their winter tour of the UAE.
xsum,36971005,llama3_8bbase,"

Brighton & Hove Albion has signed midfielder Oliver Norwood from Reading on a three-year deal, bringing in a box-to-box midfielder with a good passing ability and Manchester United background.","Northern Ireland international Oliver Norwood joined Brighton on a three-year deal from Reading.localctxuserlocalctx Article: The 26-year-old, who has made more than 50 appearances for the club since joining from Chelsea in 2013, has signed a three-year contract. ""Having played under Chris Hughton for the last two years, I know the style of football he wants to play and I'm excited to be a part of that,"" said Stockdale. ""I'm looking forward to the challenge of playing in the Premier League and helping Brighton achieve their ambitions."" The former Fulham goalkeeper"
xsum,40690716,llama3_8bbase,"

Emergency services responded to a multi-vehicle accident near the Cantref Reservoir, with five vehicles involved and casualties taken to hospital.",Emergency services were called to the scene near the Cantref Reservoir at Nant Ddu at 10:00 BST on Saturday.
xsum,39471712,llama3_8bbase,"

Charlie Gard, a 10-month-old boy with a rare genetic disorder, is receiving 24-hour treatment at a London hospital, with his parents fighting to keep him on life support despite doctors' recommendations to allow him to die.","Charlie Gard's parents will seek to keep him on life support at London's Great Ormond Street hospital, despite the doctors' belief that there is no accepted cure for his condition..execSQL.execSQL.execSQL Article: The 17-year-old was killed on 26 March when he was hit by a car in Huddersfield."
xsum,37829390,llama3_8bbase,"

Five friends from London, including two brothers, died in a tragic incident at Camber Sands in August, with inquests and pre-inquest reviews set to be held to investigate their deaths.","Five men from London died in the sea at Camber Sands, East Sussex, in August, with details of the death of Mohit Dupar, who died in July, only now revealed..sulakeuser.sulake Article: The 22-year-old, from Nottingham, had been in custody since his arrest in February."
xsum,37288396,llama3_8bbase,"

Nick Hedges' 1960s and 70s photographs of run-down homes in the UK, now on display, highlight the ongoing struggle for affordable housing and the need for government support for vulnerable families.","Photographs taken in the 1960s and 70s of families living in run-down homes are on display in Birmingham, England, as a reminder of the conditions some people have to live in today.-Bold text-Bold text-Bold text-Bold text-Bold text-Bold text-Bold text-Bold text-Bold text-Bold text-Bold text-Bold text-Bold text-Bold text-Bold text-Bold text-Bold text-Bold text-Bold text-Bold text-Bold text-Bold text-Bold text-Bold text-Bold text-Bold text-Bold text-Bold text-Bold text-Bold text-Bold text-Bold text-Bold text-Bold text-Bold text-Bold text-Bold text-Bold text-Bold"
xsum,36855834,llama3_8bbase,"

Despite making up 54% of students, women account for only 47% of graduate scheme applicants, with 49% of posts going to women, highlighting a need to attract more female candidates.","Women are taking 49% of graduate scheme posts, despite making up just 47% of applicants, according to a survey of 170 employers.localctxuserlocalctx Article: The 21-year-old, who was not named, was found dead in a flat in the village of Trefnant, near Llantrisant, in May."
xsum,24037309,llama3_8bbase,"

Lancashire has secured an immediate return to the top tier of English cricket with two games left to play, needing just 12 more points to be crowned champions.","Lancashire secured an immediate return to the top tier of English cricket with two games left to play, having been relegated in 2012."
xsum,32799471,llama3_8bbase,"

The Germanwings plane crashed in the French Alps on March 24, killing all 150 people on board, after co-pilot Andreas Lubitz deliberately crashed the plane after locking the pilot out of the cockpit.",The plane crashed in the French Alps on March 24 with 150 people on board.
xsum,32154876,llama3_8bbase,"

Former EU chief Jose Manuel Barroso criticized Greece's economic plans, saying they lack experience and are ""completely unacceptable"" to other countries, while also warning of a possible Greek exit from the eurozone.","Jose Manuel Barroso, who left the key post last October, said that Alexis Tsipras's Syriza-led administration lacked experience. illustrioususerillustrous Article: The man was arrested in a dawn raid at a house in the town of Burscough, near Peterborough."
xsum,37962274,llama3_8bbase,"

Organisers of Sydney's Gay and Lesbian Mardi Gras parade have voted not to invite former Australian Prime Minister Malcolm Turnbull, citing his support for a national vote on same-sex marriage.",Sydney's Gay and Lesbian Mardi Gras parade is one of the world's largest gay pride events.
xsum,35574030,llama3_8bbase,"

About 300 kgs of cannabis resin, 8 kgs of cannabis herb, and 1 kg of cocaine were seized at Donaghmede Park in north Dublin, leading to the arrest of two men aged 25 and 52.","About 300 kgs of cannabis resin, eight kgs of cannabis herb and 1 kg of cocaine were found at Donaghmede Park, north Dublin, on Saturday at 19:30 local time."
xsum,41064322,llama3_8bbase,"

Jordan Spieth carded three consecutive birdies to finish 12 under par, three shots ahead of Dustin Johnson, and is poised to win the PGA Tour event after leading by two shots heading into the final round.","Jordan Spieth finished 12 under par to win the PGA Tour, with a ""heated putter"" being crucial to his success.localctxuserlocalctx Article: City had a second bid - worth £18m - for the Northern Irish centre-back, 29, rebuffed last week."
xsum,37991460,llama3_8bbase,"

Black African and Caribbean breast cancer patients are more likely to be diagnosed with late-stage disease due to low awareness of symptoms and screening, leading to poorer outcomes.","Breast cancer is found at a later stage in black African and Caribbean women than in white women, with many reasons for this, including low awareness of symptoms and screening. lửaฉนวนuser lửaฉนวน Article: The American began the day in a four-way tie for the lead and recovered from a bogey on the first with his fifth birdie of the day on the 10th."
xsum,38437830,llama3_8bbase,"

Leicester City's Jamie Vardy, serving a three-match ban, missed a game against Everton, while his team's struggles continued, with only four wins in 18 league games and a precarious position above the relegation zone.","Leicester's Jamie Vardy, who is serving a three-match ban after a two-footed challenge on Mame Biram Diouf, sat in the stands and wore one of the masks himself..randomUUID.randomUUID.randomUUID.randomUUID.randomUUID.randomUUID.randomUUID.randomUUID.randomUUID.randomUUID.randomUUID.randomUUID.randomUUID.randomUUID.randomUUID.randomUUID.randomUUID.randomUUID.randomUUID.randomUUID.randomUUID.randomUUID.randomUUID.randomUUID.randomUUID.randomUUID.randomUUID.randomUUID.randomUUID.randomUUID.randomUUID.randomUUID.randomUUID.randomUUID.randomUUID.randomUUID.randomUUID.randomUUID.randomUUID.randomUUID.randomUUID.randomUUID.randomUUID.randomUUID.randomUUID.randomUUID.randomUUID.randomUUID.randomUUID.randomUUID.randomUUID.randomUUID.randomUUID.randomUUID.randomUUID.randomUUID.randomUUID.randomUUID.randomUUID.randomUUID.randomUUID.randomUUID.randomUUID.randomUUID.randomUUID.randomUUID.randomUUID.randomUUID.randomUUID.randomUUID.randomUUID.randomUUID.randomUUID.randomUUID.randomUUID.randomUUID.randomUUID.randomUUID"
xsum,37035874,llama3_8bbase,"

A woman who was a victim of domestic violence had her identity and medical history disclosed to a wider audience by Greater Manchester Police, despite her wishes to remain anonymous.","A woman received a £35,000 payout from Greater Manchester Police after the force disclosed her medical history, 999 call and identity to a wider audience during a training session."
xsum,32719657,llama3_8bbase,"

Bonuses paid to UK finance and insurance sector employees in 2013-14 were 40% of the total earnings of full-time minimum wage workers, highlighting income inequality between the two groups.","In 2014, bonuses paid to Wall Street employees were double the annual pay earned by all Americans who worked full-time at the federal minimum wage.QualifiedName Article: The 25-year-old has been capped 25 times by his country and has scored 11 goals for the national side."
xsum,33306933,llama3_8bbase,"

Chris Squire, co-founder and bassist of the British progressive rock band Yes, has died peacefully at the age of 67 after a battle with acute erythroid leukemia.","Yes keyboardist Geoff Downes tweeted: ""Utterly devastated beyond words to have to report the sad news of the passing of my dear friend, bandmate and inspiration Chris Squire."" illumos Article: The woman, in her 20s, was assaulted as she was walking along Rope Walk in Ipswich on 25 February."
xsum,37469603,llama3_8bbase,"

India's Prime Minister Narendra Modi announced that India will ratify the Paris climate agreement on October 2, joining the US and China in a global effort to combat climate change.","India will ratify the Paris climate agreement on 2 October, the birth anniversary of Mahatma Gandhi.-lndiauser-lndia Article: The 32-year-old, who has been on loan at the Italian club from Manchester United since 2015, has signed a four-year deal. ""It is a great pleasure to have Romelu Lukaku join our club,"" United manager Jose Mourinho said."
xsum,37211649,llama3_8bbase,"

Australian aid worker Kerry Jane Wilson, 60, was kidnapped in Jalalabad, Afghanistan, but has been released and is safe, with the government thanking authorities in Afghanistan for their assistance.","Kerry Jane Wilson, 60, was kidnapped by armed men in military-style uniforms while working with an NGO in Jalalabad, Afghanistan, but has now been released.(Schedulers Mahmoud/Reuters) She is now ""safe and well"", according to Australian Foreign Minister Julie Bishop, who gave no further details.Schedulers Mahmoud/Reuters .schedulers Mahmoud/Reuters.schedulers Mahmoud/Reuters.schedulers Mahmoud/Reuters.schedulers Mahmoud/Reuters.schedulers Mahmoud/Reuters.schedulers Mahmoud/Reuters.schedulers Mahmoud/Reuters.schedulers Mahmoud/Reuters.schedulers Mahmoud/Reuters.schedulers Mahmoud/Reuters.schedulers Mahmoud/Reuters.schedulers Mahmoud/Reuters.schedulers Mahmoud/Reuters"
xsum,34492412,llama3_8bbase,"

Japan secured a 28-18 win over the United States, with Ayumu Goromaru's three penalties and tries from Kotaro Matsushima and Yoshikazu Fujita securing a significant victory for the hosts.","Japan beat the United States 28-18 to finish third in Pool B of the Rugby World Cup, after a lap of honour left Kingsholm to a standing ovation. illustrioususer illustrious Article: The 28-year-old has been capped 15 times by his country, and was a member of their squad for the 2014 World Cup."
xsum,33629577,llama3_8bbase,"

Tom Mboya, a Kenyan trade unionist and politician, established a scholarship fund to educate young Africans in the US and Canada, which included Barack Obama's father, Barack Obama Sr.","The Kenyan trade unionist turned politician Tom Mboya, who studied at Ruskin College, Oxford, wanted members of his country's government to be adequately prepared for a post-colonial Kenya."
xsum,32284359,llama3_8bbase,"

Iran's Culture Minister has suspended Umra flights to Saudi Arabia until those responsible for allegedly abusing Iranian teenagers at Jeddah airport are punished, deepening tensions between the two countries.","Iran has suspended Umra flights to Saudi Arabia, after two teenagers allege they were abused by security officials at Jeddah airport._firestoreuser_firestore Article: The American began the day in a four-way tie for the lead and recovered from a bogey on the first with his fifth birdie of the day on the 10th."
xsum,35754289,llama3_8bbase,"

Ian Humphreys, a 33-year-old fly-half, has announced his retirement from rugby, citing his body's fatigue, after a 15-year career with Ulster, Leicester, and London Irish.",Ulster fly-half Ian Humphreys has announced his retirement from professional rugby.umptechuserumptech Article: The 33-year-old made his Ulster debut in 2008 and has scored 745 points in 113 appearances for the Kingspan Stadium team.
xsum,36888180,llama3_8bbase,"

Cardiff City coach Paul Trollope has hinted that striker duo Matteo Macheda and Adam Le Fondre may be released from their contracts, citing a need for ""strength in depth"" in the squad.","Cardiff City are looking to add to their squad before the transfer window closes, with the future of loanees Federico Macheda and Adam Le Fondre unclear..SDK Article: The 24-year-old, who has been capped 13 times by England, had been linked with a move to Manchester United."
xsum,22259982,llama3_8bbase,"

Child Soldiers International and ForcesWatch claim it costs the UK Ministry of Defence twice as much to train a 16-year-old soldier as an adult due to longer training and higher drop-out rates.","The UK government spends twice as much on training 16- and 17-year-old soldiers as it does on adults, according to a new report.localctxuserlocalctx Article: The American began the day in a four-way tie for the lead and recovered from a bogey on the first with his fifth birdie of the day on the 10th."
xsum,38894693,llama3_8bbase,"

The PSNI has warned the public about a parking notice scam, where fake emails claiming to be from CPS Enforcement Northern Ltd are being sent, asking recipients to disregard any notices received via email.","The PSNI in Ards confirmed a woman had contacted police about a parking notice which was a fraud..fhirsystem.fhiruser.fhir Article: The US President said the US would ""be a much safer place"" if North Korea was no longer a threat."
xsum,33946032,llama3_8bbase,"

N'Jie, a 22-year-old striker, joins Tottenham Hotspur on a five-year contract, bringing his goal-scoring skills to the team following the departure of Roberto Soldado.","The 22-year-old, who is on a five-year contract at White Hart Lane until 2020, said: ""I'm ready to give my best to help the club achieve its aims."" luyện nghe tiếng anh qua bài hát N'Jie scored seven goals for the Ligue 1 side last season and has netted six in 10 appearances for Cameroon."
xsum,38192532,llama3_8bbase,"

Oldham Athletic's Cameron Burgess scored an early goal, but Oxford United's Robert Hall equalized in the second half, as the teams played out a 1-1 draw in their League One match.",Oxford United and Oldham Athletic drew 1-1 in a League One match in England.
xsum,36133399,llama3_8bbase,"

Software developer Mark Allison is embarking on a 100-day, 3,400-mile run from Lisbon to Istanbul, crossing 14 countries, to raise money for two charities.","A software developer from Northumberland is taking on a 3,400-mile run across 14 countries, raising money for the Children's Foundation and the Sir Bobby Robson Foundation..SDK Article: The 29-year-old, who has won five Premier League titles, has made 23 appearances for the club this season."
xsum,39112675,llama3_8bbase,"

The Progressive Unionist Party launched its assembly election manifesto, criticizing parties using ""fear tactics"" and promising to address issues like healthcare, education, and housing with a focus on country over party politics.","The Progressive Unionist Party (PUP) launched its election manifesto, criticising parties engaging in ""fear tactics"" at a time when it says the union is safe. illustriauserillustra Article: The 10-year-old boy was found in the water at the beach in the village of Looe, Cornwall, on Tuesday."
xsum,31620300,llama3_8bbase,"

A 13-year-old boy, who had been in foster care, stabbed his foster mother to death in 2011 after being exposed to violence and instability in his early life.",A boy was stabbed to death by a 13-year-old who had watched his older siblings brandishing knives and drinking alcohol.
xsum,37518509,llama3_8bbase,"

The Rio Olympics saw a 103% increase in police killings and human rights violations, including the eviction of 22,000 families, according to a report by Terre des Hommes.","The IOC is considering recommendations made in a report handed to it that details a 103% increase in police killings compared to 2015. hoạchuser hoạch Article: The 28-year-old, who has been at the club since 2011, has made 38 appearances for the Reds this season."
xsum,35454095,llama3_8bbase,"

A fire at the Hampton by Hilton Hotel in Corby, Northamptonshire, prompted an emergency response from 40 firefighters, with all guests relocated and four treated for smoke inhalation.","Eight engines and 40 firefighters were called out to the Hampton by Hilton Hotel in Corby, England, after a fire broke out. lửacritiqueuserlfu Article: The US Open is the final major of the year and the 117th edition of the tournament."
xsum,23944937,llama3_8bbase,"

Cardiff and Vale University Health Board has banned smoking and e-cigarettes from its hospital sites, replacing them with nicotine replacement patches and support services to help patients quit smoking.","Smokers will be prescribed with nicotine replacement patches to help them cope during their stay at affected hospital sites, but e-cigarettes will not be allowed.localctxuserlocalctx Article: The 25-year-old had been on the bench for the previous two matches."
xsum,40400404,llama3_8bbase,"

Mario Balotelli, a 26-year-old Italian striker, scored 15 goals for Nice in the French Ligue 1 last season, his first season with the club after joining on a free transfer from Liverpool.",Mario Balotelli has been released by Nice after scoring 15 goals in the French Ligue 1 last season.
xsum,36453511,llama3_8bbase,"

The British gymnastics team won a silver medal at the World Championships, despite four falls, with a score of 170.312, narrowly missing out on gold to Russia.","Great Britain's gymnastics team won silver at the European Championships, with Becky Downie scoring a fine 15.066 on bars and posting a fine 15.066 on bars."
xsum,38066835,llama3_8bbase,"

Leicester Tigers secured a 15-14 win over Bristol Bears, with Manu Tuilagi making his return from injury, despite a late push from the hosts who earned a losing bonus point.","Leicester Tigers beat Bristol 18-15 in a physical old game, with everything against them, after they spent 50 minutes looking for a victim and using ""unnecessary violence"" during the attack."
xsum,39697181,llama3_8bbase,"

A police officer is accused of gross misconduct for allegedly displaying a black monkey toy on a colleague's desk, making racist remarks, and bullying her over a three-week period.","A black investigator at Thames Valley Police said she felt ""ridiculed"" and ""violated"" when a black monkey was placed on her desk by a colleague who had made racist remarks.localctxuserlocalctx Article: The 20-year-old, who has 14 caps, was injured in a 1-1 draw against Ireland on 1 September."
xsum,40519933,llama3_8bbase,"

This article showcases a collection of exceptional photos from across Africa and its diaspora, highlighting the beauty, diversity, and resilience of the African experience.","A selection of the best photos from across Africa and of Africans elsewhere in the world this week.localctxuserlocalctx Article: The 2017 version of the game, which is free to play, will be available on Android and iOS devices from 10 August."
xsum,35917499,llama3_8bbase,"

Bert Williams, a 71-year-old British angler with a heart condition, caught a 93lb cod off Norway, setting a new record for the largest cod landed by a British angler and a disabled angler.","A 71-year-old British angler caught a 93lb cod in the sea off Norway, which is the biggest cod landed by a British angler and the biggest for a disabled angler.localctxuserlocalctx Article: The 29-year-old, who is originally from Nigeria, was arrested at his home in Birmingham in March."
xsum,34908073,llama3_8bbase,"

Labour MP Peter Kyle urges the government to take action to increase the number of armed police in Sussex, citing a 43% increase in requests for help from neighboring forces.","The prime minister said it was ""possible"" the pool of armed police could be grown, but he did not want to see ""routine arming""."
xsum,36344759,llama3_8bbase,"

Ken Loach's film ""I, Daniel Blake"" exposes the UK's welfare system, telling the story of a man who becomes trapped in a Kafka-esque system after a heart attack, highlighting poverty, humiliation, and desperation.","Ken Loach's film I, Daniel Blake, won the Palme d'Or at the Cannes Film Festival, exposing the UK welfare system."
xsum,39984637,llama3_8bbase,"

Prince's estate is embroiled in a legal battle over his $200m fortune, with 45 claimants seeking a share, including a prisoner who falsely claimed to be his son.","Prince's estate has struck deals to make his albums available by streaming, and is planning a series of releases including a remastered Purple Rain album, two albums of unreleased tracks, and two concert films.(SchedulersZombies) Article: The 27-year-old was in a relationship with the victim for more than a year, and had been living with her for four months."
xsum,33987664,llama3_8bbase,"

The Afrobasket 2015 tournament is being held in Rades, Tunisia, after relocating from the coast due to security concerns, with Angola favored to win the championship.","Afrobasket 2015 is being held in Rades, on the outskirts of the capital Tunis, having moved from the coast after two deadly attacks on tourists this year..AFROBASKET 2015 is being held in Rades, on the outskirts of the capital Tunis, having moved from the coast after two deadly attacks on tourists this year."
xsum,37459383,llama3_8bbase,"

The match between Notts County and Morecambe was abandoned due to a waterlogged pitch after a goalless first half, with both teams unable to make any significant progress in the heavy rain.","The game had promised to be an entertaining one with the Magpies' Stanley Aborah letting fly from distance and forcing a corner early on.localctxuserlocalctx Article: The 23-year-old, who has been capped 15 times by his country, has signed a three-year deal at the King Power Stadium."
xsum,34807886,llama3_8bbase,"

A Scottish commission report recommends widening university access to address socioeconomic inequalities, citing evidence that students from deprived backgrounds can enhance academic excellence with the right support.","Scotland's Commission on Widening Access said there was an ""undeniable case for change"" on the issue of socioeconomic inequality in higher education.ampilampuserampilamp Article: The 28-year-old, who has played 12 times for the Republic of Ireland, was out of contract at the end of the season."
xsum,28084389,llama3_8bbase,"

Indonesia has surpassed Brazil in deforestation rate, with 8,400 sq km of forest lost in 2012, mainly due to palm oil plantations and other agricultural activities.","Scientists say Indonesia has surpassed Brazil in the rate of its clearance of tropical forests. follicles folliclesuser follicles Article: The 32-year-old, who has scored 11 goals in 15 games for his country, has been linked with a move to the Premier League. ""Alexandre Pato is a player who has always been on our radar,"" said Chelsea boss Jose Mourinho. ""We have been following him for a long time."" Pato, who has also been linked with a move to Manchester United, has been at Corinthians since 2013."
xsum,40214591,llama3_8bbase,"

Former SDLP leader Mark Durkan lost his Foyle seat to Sinn Féin's Elisha McCallion by 169 votes, ending the SDLP's 34-year hold on the constituency.","Former party leader Mark Durkan lost his seat in the House of Commons after he was defeated by Sinn Féin's Elisha McCallion in Londonderry, England.-Bold textuser-Bold Article: A man who was killed in a crash on the M1 motorway was a 30-year-old from Leeds."
xsum,39027295,llama3_8bbase,"

Oldham Council investigated claims of ""Trojan Horse"" allegations at a primary school, concluding it had ""no concerns"" and no evidence of extremist activity, despite claims of death threats and controversial teaching sessions.","A ""Trojan Horse"" investigation in Oldham, England, found no basis to allegations that schools had been taken over by Islamists, but the report would remain confidential.localctxuserlocalctx Article: The 24-year-old, who has scored 23 goals in 46 appearances for the Canaries this season, has been linked with a £20m move to Arsenal."
xsum,37498031,llama3_8bbase,"

A former aide testified that New Jersey Governor Chris Christie was informed of a political revenge plot to block lanes on the George Washington Bridge, contradicting his previous denials.",New Jersey governor Chris Christie was told about the political revenge plot at a 9/11 memorial service two days after the lanes were blocked..fhirsystemкористувач.fhirsystem Article: The 16-year-old has been named by police as the boy who was shot and killed in the early hours of 13 August.
xsum,39054728,llama3_8bbase,"

Labour's Gareth Snell won the Stoke Central by-election with a narrow margin, but the low turnout and UKIP's strong showing reflect a community's growing disillusionment with politics and traditional parties.","Labour won the by-election in Stoke Central, England, with a record low of 37% of the vote."
xsum,23434347,llama3_8bbase,"

The Strathspey Steam Railway will recreate a 1863 train journey by pulling a steam train from Aviemore to Broomhill, with passengers encouraged to wear Victorian attire and travel for free.","Strathspey Steam Railway will recreate part of a free celebratory train journey between Aviemore and Grantown-on-Spey, Scotland, to celebrate the 1863 anniversary."
xsum,37075567,llama3_8bbase,"

Brazil advanced to the Olympic semi-finals with a 2-0 win over Honduras, thanks to goals from Neymar and Luan, securing a third consecutive appearance in the tournament's final four.","Brazil beat Honduras 2-0 in the Rio Olympics, with Neymar scoring his first goal of the tournament."
xsum,35559735,llama3_8bbase,"

Deutsche Bank confirms it will buy back €3bn of euro-denominated bonds and $2bn of dollar-denominated bonds, seen as a signal of the bank's robustness and strong liquidity position.",Deutsche Bank has bought €3bn (£2.3bn) of euro-denominated bonds and$2bn of dollar-denominated ones. lửa McCarteneyuser lửa Article: A group of 20 people were taken to hospital after the incident at the Wembley Arena in north London.
xsum,24493400,llama3_8bbase,"

Professor Peter Higgs, a 84-year-old physicist, has been awarded the Nobel Prize in Physics for his work on the theory of the Higgs boson, a particle that explains how matter gets its mass.","Prof Peter Higgs, who does not own a mobile phone, said a former neighbour had pulled up in her car as he was returning from lunch in Edinburgh."
xsum,37791071,llama3_8bbase,"

Australian flanker Julian Salvi, a key player for the Chiefs, will undergo surgery after suffering a serious injury in their Champions Cup loss to Ulster.","Chiefs prop Julian Salvi, 31, will miss the rest of the season after suffering a serious knee injury during the side's Champions Cup loss at Ulster. liệuliệuuserliệu Article: The 22-year-old, who is on a season-long loan from Manchester City, has been capped 20 times by Belgium."
xsum,39925662,llama3_8bbase,"

Scotland's women's national team has announced their friendly matches and Euro 2017 schedule, including games against Romania, Republic of Ireland, and Sweden, and a debut match against England.",Scotland's women's team have lined up home games with Romania and Republic of Ireland either side of a trip to meet fellow finalists Sweden.(SchedulersSparkScheduler.java:81) at schedulerspark.scheduler.Scheduler$$Lambda$3/0x0x0000000000000000x0000000000000000x0000000000000000x0000000000000000x0000000000000000x0000000000000000x0000000000000000x0000000000000000x0000000000000000x0000000000000000
xsum,34492745,llama3_8bbase,"

Gramercy, a Connecticut-based hedge fund, purchased Peru's defaulted debt at a discount in 2008 and is now threatening to bring a claim against the country under a US-Peruvian trade deal.","Connecticut-based hedge fund Gramercy purchased the defaulted debt at a discount in 2008 after other bondholders failed to reach a deal.localctxuserlocalctx Article: The 28-year-old has not featured for the Gunners since 2 May, but has been linked with a move to Manchester United."
xsum,34191937,llama3_8bbase,"

French politician Natacha Bouchart testified that most Calais migrants want to go to the UK, not France, due to perceived easier access to benefits and work, calling the UK a ""soft touch"".",The French politician said migrants in Calais saw Britain as a soft touch on benefits and illegal work.
xsum,39220660,llama3_8bbase,"

Shelly Provan, a versatile player, has joined Notts County Ladies, bringing her experience and attacking skills to the team for the Spring Series competition.","Shelly Provan joins Notts County Ladies FC as a midfielder, adding a wealth of knowledge and a different option on the left-hand side. quần áo nữ Article: The 28-year-old has made 25 appearances for the Black Cats since his £8m arrival from Leicester City in 2014."
xsum,41028780,llama3_8bbase,"

Mick Schumacher, 18, will drive a 1994 Benetton car in demonstration laps, following in his father Michael's footsteps, who won his first race at the circuit in 1992.",Michael Schumacher's son Mick will drive demonstration laps in a 1994 Benetton car at the Belgian Grand Prix in honour of his father.-Bold-Bold-Bold-Bold-Bold-Bold-Bold-Bold-Bold-Bold-Bold-Bold-Bold-Bold-Bold-Bold-Bold-Bold-Bold-Bold-Bold-Bold-Bold-Bold-Bold-Bold-Bold-Bold-Bold-Bold-Bold-Bold-Bold-Bold-Bold-Bold-Bold-Bold-Bold-Bold-Bold-Bold-Bold-Bold-Bold-Bold-Bold-Bold-Bold-Bold-Bold-Bold-Bold-Bold-Bold-Bold-Bold-Bold-Bold-Bold-Bold-Bold-Bold-Bold-Bold-Bold-Bold-Bold-Bold-Bold-Bold-Bold-Bold-Bold-Bold-Bold-Bold-Bold-Bold-Bold-Bold-Bold-Bold-Bold-Bold-Bold-Bold-Bold
xsum,38288018,llama3_8bbase,"

Syrian government forces have gained control of most of eastern Aleppo, with rebels surrendering or fleeing, as the city's civilian population faces dire conditions and potential massacres.","The Syrian government is close to victory in Aleppo, after the rebels have lost more than 90% of the territory they once held..sulakeuser-lnd Article: A new £1.2bn fund for the NHS in England is ""a drop in the ocean"" compared with the £22bn the health service is in deficit, the Labour leader has said."
xsum,39948797,llama3_8bbase,"

Leicestershire Police are investigating the murder of 16-year-old Megan Bannister, whose body was found in a car after a crash, with two men still being questioned on suspicion of murder.","Police have been searching an address in connection with the murder of Megan Bannister, who was found dead in a car after a collision in Enderby, Leicestershire..ContextCompat.ContextCompat.ContextCompat Article: The 20-year-old, who has been capped 15 times, has been a regular for the club since his arrival in 2013."
xsum,31853399,llama3_8bbase,"

Richard III's reburial cortege will pass through Leicestershire and Leicester city on March 22, retracing the route he took before his 1485 battle at Bosworth, where he was killed.",Richard III's reburial cortege will pass through Leicestershire and Leicester city centre on 22 March. illustrioususer illustrious Article: The 36-year-old was arrested on suspicion of rape and sexual assault on Wednesday.
xsum,37130459,llama3_8bbase,"

Natalie Bennett, a former Guardian journalist, rose rapidly through the Green Party ranks to become its leader, navigating challenges with broadcast media and advocating for electoral reform.","Natalie Bennett, former leader of the Green Party, said she is ""amazing"" four years as leader, and has no regrets."
xsum,34559912,llama3_8bbase,"

Former Wales striker Ian Rush believes the team's impressive qualifying record and work rate will make them an unappealing opponent for bigger nations in the World Cup draw.",Wales will face a tough draw at the European Championship as they are likely to face a low-seeded team.
xsum,39820439,llama3_8bbase,"

The Welsh Rugby Union wants to take over Newport Gwent Dragons and Rodney Parade, hoping to install a 4G surface, but may need to prioritize Newport County's grass pitch needs due to Football League rules.","The Welsh Rugby Union (WRU) wants to take over Newport Gwent Dragons and the ground, hoping to solve the water-logging problems by laying a 4G surface. fisseuser fisse Article: The 28-year-old, who has 13 caps for England, has played 10 times for the Saints this season."
xsum,38579227,llama3_8bbase,"

Newcastle United beat Birmingham City 1-0 in a FA Cup replay, with Matt Ritchie scoring a penalty in the first half, sending the Magpies to face Oxford United in the fourth round.","Newcastle United beat Birmingham City 1-0 in the FA Cup third round replay, with Matt Ritchie scoring the only goal from the penalty spot.(Schedulers) Article: The 20-year-old's first goal for the club came after he was set up by substitute Matt Ritchie."
xsum,37906226,llama3_8bbase,"

A 30cm-diameter well in Baoding, Hebei province, China, has trapped a 6-year-old boy who fell 40m down while helping with vegetable harvest, with rescuers using excavators and dump trucks to try to retrieve him.","A six-year-old boy has fallen down a 40m dry well in China, with rescuers digging for him after oxygen, food and water were supplied.licationuserlication Article: The 33-year-old has been in charge since 2014, leading the team to two promotions and a 10th-place finish in the Premier League last season."
xsum,35360689,llama3_8bbase,"

The Financial Conduct Authority (FCA) scrapped a planned review into bank scandals, citing duplication of work by other bodies, with officials denying any Treasury interference or undermining of independence.","The FCA said it was not leant on or undermined by the Treasury when it decided to scrap a review into bankers' pay and its role in bank scandals..fhirsystem.fhirsystemuser.fhirsystem Article: He said the ""dramatic"" drop in the number of people leaving the country for work showed the impact of the ""uncertainty"" surrounding Brexit. ""The government has no plans to change the rights and status of EU nationals in the UK or UK nationals in the EU,"" he said."
xsum,35999008,llama3_8bbase,"

Hills Quarry Products has submitted a planning application to extract 2.5m tonnes of earth over 10 years from a site near Clifton Hampden, despite residents' concerns about health, wellbeing, and increased traffic.",A planning application has been submitted to extract 2.5m tonnes of earth over 10 years from a site near the village of Clifton Hampden in Oxfordshire.(Schedulers have significantly reduced their plans in relation to the volumes of material they hope to extract and the time they will take to work the site.(Schedulers have significantly reduced their plans in relation to the volumes of material they hope to extract and the time they will take to work the site.(Schedulers have significantly reduced their plans in relation to the volumes of material they hope to extract and the time they will take to work the site.
xsum,35348288,llama3_8bbase,"

The Coseley School in Dudley, England, faces closure due to declining pupil numbers, poor GCSE results, and a £1m shortfall, with a public consultation underway until April.","The Coseley School in Dudley, England, is facing closure due to falling pupil numbers and below national minimum standards.(Schedulers) The Coseley School in Dudley, England, is facing closure due to falling pupil numbers and below national minimum standards.Schedulers(Schedulers) Article: The Coseley School in Dudley has 557 pupils - just over half its 975 capacity - and last year's GCSE results placed it bottom in the borough."
xsum,38124131,llama3_8bbase,"

Three pro-EU MPs argue that leaving the EU single market could create ""losers"" by restricting access to trade, while a report highlights the strong links between the UK economy and the single market.","Three MPs argue this approach risks creating ""losers"" because almost all sectors are linked to the EU. fitteuser fitte Article: The US state of California has declared a state of emergency in six counties hit by wildfires, which have killed at least 11 people."
xsum,10741274,llama3_8bbase,"

A UK-Finnish study found that while education doesn't prevent dementia, it helps individuals cope with brain changes associated with the condition, reducing the risk of developing symptoms by 11% per year of education.",A UK and Finnish team found those with more education were as likely to show the signs of dementia in their brains at death as those with less.-Bold italic text is not included in the summary.-Bold italic text is not included in the summary.-Bold italic text is not included in the summary.-Bold italic text is not included in the summary.-Bold italic text is not included in the summary.-Bold italic text is not included in the summary.-Bold italic text is not included in the summary.-Bold italic text is not included in the summary.-Bold italic text is not included in the summary.
xsum,18639299,llama3_8bbase,"

Hong Kong's widening wealth gap and growing distrust of the Chinese government have created a restive atmosphere in the city, with protests and discontent over social inequality and political corruption expected during Chinese President Hu's visit.","Hong Kong is a much more restive place than it was five years ago, with anger over social inequality and a lack of opportunities.omicsuseromics Article: The 24-year-old was found guilty of causing grievous bodily harm with intent at Bristol Crown Court."
xsum,39773552,llama3_8bbase,"

Mark Selby won the World Snooker Championship, claiming back-to-back titles and a record £375,000 in prize money, by coming back from 10-4 down to defeat John Higgins 18-15.","Mark Selby beat John Higgins to win his third world snooker title, the first player to do so since Stephen Hendry in 1999."
xsum,36158310,llama3_8bbase,"

A new CGI animated mini-series, commissioned by the BBC and Netflix, brings an original interpretation to Richard Adams' classic novel ""Watership Down,"" featuring a star-studded voice cast.","The BBC and Netflix are commissioning a new adaptation of Watership Down, the classic novel by Richard Adams, which will feature the vocal talents of Olivia Colman, Nicholas Hoult, Miles Jupp, Freddie Fox, Anne-Marie Duff and Gemma Arterton.(Schedulers2) Article: The 29-year-old has been sidelined since suffering a knee injury in the FA Cup semi-final win over Manchester United in April."
xsum,35688387,llama3_8bbase,"

British expats in Spain, numbering between 300,000 and 700,000, are concerned about the potential impact of a Brexit on their rights to healthcare and work, as well as their European identity.","British expats on the Costa del Sol are united in wanting to remain inside the EU, unlike their political counterparts back home. clinically obeseuser clinically Article: The 36-year-old from Zimbabwe, who is married to former England cricketer Michael Vaughan, was in a coma for two weeks."
xsum,34209292,llama3_8bbase,"

BMW is set to expand its Cowley plant, relocating leisure facilities currently on site, including Oxford Sports and Social Club and Oxford Cricket Club, pending planning permission.","BMW has been granted permission to build a new car plant in Oxford, England, with the relocation of leisure facilities on site."
xsum,25037859,llama3_8bbase,"

Crumlin Road Courthouse in north Belfast, a 160-year-old listed building, is being considered for repair and conversion into a tourist attraction after 15 years of disrepair.","A courthouse in north Belfast, England, has been derelict for 15 years and is in a state of serious disrepair."
xsum,36192531,llama3_8bbase,"

Researchers at Edinburgh University are studying the relationship between vitamin D and canine health, examining how vitamin D levels affect recovery from surgery and overall welfare in dogs.",Edinburgh University's Royal (Dick) School of Veterinary Studies aims to improve health outcomes for pets receiving veterinary care.
xsum,36312304,llama3_8bbase,"

Koukash, owner of Salford Red Devils, threatens to bring a vote of no confidence in the RFL leadership, citing concerns over the sport's financial state and governance.","Millionaire racehorse owner Andy Koukash said he would go to ""all-out war"" with the RFL if they were found guilty of breaching the salary cap. illuminauserillumina Article: A man has been arrested on suspicion of murder after the body of a woman was found in a flat in east London."
xsum,33784155,llama3_8bbase,"

Societe Generale reported strong second-quarter earnings, beating estimates with €1.35 billion net income and €6.87 billion revenue, and plans to increase its capital buffer and cut costs.","SocGen reported second-quarter net income of €1.35bn, with €200m set aside against potential litigation. hoạch Article: The 31-year-old is on the brink of a move to the Premier League, with West Ham and Everton keen."
xsum,33893487,llama3_8bbase,"

Maydown Precision Engineering, acquired by Schivo Group, is considering laying off up to 15 jobs, prompting union Unite to express concerns and accuse the new owners of breaching recognition agreements.","Unite said its members received letters ""warning about unspecified numbers of job losses at the company, which raises serious concerns for the future""."
xsum,37081669,llama3_8bbase,"

Chinese swimmer Fu Yuanhui broke a sporting taboo by publicly discussing her period, saying it affected her performance in a recent competition, sparking a conversation about menstrual cycles in sports.",Chinese swimmer Fu Yuanhui became a talking point online after she broke a sporting taboo by talking about her period..fhiruser.fhir Article: The 29-year-old was sentenced to six years in prison and a further 10 years of house arrest.
xsum,32884004,llama3_8bbase,"

The search is on for volunteers to form local action groups in rural parts of Denbighshire, Flintshire, and Wrexham to target funding and regeneration efforts.","Cadwyn Clwyd is looking for volunteers to help target the money in rural parts of Denbighshire, Flintshire and Wrexham.(Schedulers) Article: The 36-year-old, who has 10 caps for Wales, is set to sign a one-year deal with the club."
xsum,18725849,llama3_8bbase,"

Thousands of protesters clashed with police in Kiev over a controversial law granting official status to the Russian language, sparking concerns over Ukraine's cultural identity and independence.","Nearly 1,000 demonstrators clashed with scores of black-helmeted riot police in the capital Kiev, with both sides using pepper spray and law enforcement officials wielding batons to disperse the crowds..fhirsystem.fhiruser.fhir Article: The 27-year-old, who has been capped 17 times by his country, was on the bench for the 3-0 win over Slovakia in Dublin on Saturday."
xsum,36883179,llama3_8bbase,"

Gary Fung, founder of Isohunt, has agreed to pay $50 million in damages and legal costs to Music Canada, following a 2008 lawsuit over linking to pirated content.","Isohunt, a website that provided users with a directory of sources from where illegal files could be downloaded, was forced to pay 50m US dollars in damages and legal costs to Music Canada.(Schedulers of sites like Isohunt could face similar penalties, which could set a ""worrying"" precedent for social media websites, according to Ben Zevenbergen, a researcher at the Oxford Internet Institute.) Article: The 21-year-old, who has been on loan at the Riverside Stadium from Liverpool, scored 11 goals in 41 appearances."
xsum,31920289,llama3_8bbase,"

The UK Conservative party is considering a plan to increase the inheritance tax threshold by £175,000, benefiting over 20,000 estates by 2020, but the proposal has been criticized by the Liberal Democrats.","The Conservative Party is considering plans to introduce a new tax-free band worth £175,000 per person for family homes or main residences passed on to a direct descendant of the deceased."
xsum,36062480,llama3_8bbase,"

A severe fire broke out at a metal recycling yard in Wolverhampton, with six fire engines responding to contain the blaze, which was under control by 03:30.","A fire at a metal recycling yard in Wolverhampton, England, was prevented from spreading to surrounding buildings.localctxuserlocalctx Article: The 24-year-old, who was on loan at the Sky Bet Championship club from Everton, was playing in a friendly against Wigan Athletic on Friday."
xsum,38509260,llama3_8bbase,"

A whistleblower who spoke out against corruption in his home country is now living in exile in the US, having paid a steep price for his bravery.",The BBC's Julian Keane has been telling the story of the price a Libyan journalist has had to pay for speaking out.
xsum,37806929,llama3_8bbase,"

Charlton Athletic defeated Scunthorpe United 3-1 in their League One match, with Ademola Lookman scoring a sublime left-foot strike and a late goal to seal the win.",Charlton Athletic beat Scunthorpe United 3-1 in the second round of the English League Cup.
xsum,35306009,llama3_8bbase,"

Torquay United scored two goals, including a header from Nathan Smith, to take the lead and move level on points with Welling in the National League.","Nathan Smith had a header well saved early on, while Shaun Harrad also went close for the Gulls. locksmithuser.locksmith Article: The 21-year-old, who is on loan from Fulham, struck a late winner to earn the Cherries a 2-1 victory over Burton."
xsum,35899689,llama3_8bbase,"

Pakistan was eliminated from the T20 World Cup group stage after losing to Australia, with captain Shahid Afridi acknowledging the team's poor performance and considering retirement.","Pakistan captain Shahid Afridi said his side were ""not good enough"" in their loss to Australia, which eliminated them from the World Twenty20.(SchedulersStandard)SchedulersStandarduserSchedulers Article: The 26-year-old has made just one appearance for the Clarets this season, playing 12 minutes of the 3-0 defeat at Tottenham on 26 August."
xsum,40686943,llama3_8bbase,"

Manchester City has signed Brazilian international Danilo, a versatile defender and midfielder, on a five-year deal, reportedly worth £26.5m, to strengthen their squad ahead of the new season.",Manchester City have signed Brazil full-back Danilo from Real Madrid for £26.5m.
xsum,37219533,llama3_8bbase,"

Jonathan Green, a former sales manager, embezzled £73,386 from Graham Builders Merchants in Dundee over a year, repaying the money from his pension fund after being caught.","A 45-year-old man was jailed for embezzling £73,386 from his employer after he admitted to being in ""financial difficulties."" He was sacked when the fraud came to light and repaid the money in full."
xsum,40035440,llama3_8bbase,"

Eighteen-year-old academy graduate Vieira has been called up to England's Under-20 squad and may make his debut in the Toulon Tournament, while also signing a new contract with his club.","Midfielder Dom Vierira has signed a new contract with English Championship side Barnsley, becoming the first player to sign with the club since their takeover by Italian businessman Andrea Radrizzani.localctxuserlocalctx Article: The 26-year-old, who has scored 14 goals in 24 appearances for the Championship club this season, will join on 1 July."
xsum,37685909,llama3_8bbase,"

Melania Trump defended her husband Donald Trump, saying the lewd comments he made on tape were unacceptable but not representative of his true character, and that the scandal was orchestrated to hurt his candidacy.","Donald Trump's wife Melania said that lewd comments he made about women that were caught on videotape were unacceptable but did not represent the man she knows.-Boldtext-Boldtextuser-Boldtext Article: The UK's biggest retailer said its ""performance was below expectations"" and it would not pay a dividend."
xsum,36938787,llama3_8bbase,"

Tibetan nomads in China's Sichuan province continue to maintain their traditional way of life, despite government efforts to relocate them and the impact of tourism on their culture and environment.","Tibetan nomads are moving their livestock into the mountains where they will live for the summer months, with the government saying this is to improve people's living standards."
xsum,34173549,llama3_8bbase,"

A new opinion poll in Iraq and Syria finds that most people in both countries think their country is heading in the wrong direction, but a significant minority supports Islamic State and opposes coalition airstrikes.","A BBC opinion poll found that in Iraq and Syria, majorities in both countries are opposed to IS but that they also think that IS is a product of foreign countries..randomUUIDuser.randomUUID Article: The US Coast Guard is asking people not to seek help via social media if they need assistance during Storm Harvey."
xsum,37707251,llama3_8bbase,"

Nick Kyrgios was released from his contract to play in the NBA All-Star celebrity match in New Orleans, citing his passion for basketball over tennis, following his suspension from the ATP Tour.","Tennis player Nick Kyrgios has been released from his contract with the Rotterdam tournament so he can play in an NBA celebrity match.NuitkauserNuitka Article: Mr Trump said the ""very, very bad"" attack on a church in Egypt was ""worse than ever before""."
xsum,34861894,llama3_8bbase,"

Police released CCTV footage of a woman driving golf buggies around a course in Eastbourne, Sussex, with her dog, causing significant damage, before returning the vehicles and charging them.","A woman drove her dog around a golf course in Eastbourne, Sussex, causing damage to buggies and leaving them to charge up.-Bolditalicuser-Bolditalic Article: The 24-year-old, who has made 24 appearances for the Clarets this season, has joined Championship side Sunderland on loan until the end of the campaign."
xsum,34184963,llama3_8bbase,"

Sussex Police deputy chief constable Olivia Pinkney apologized for a video and offensive message sent by two rookie officers working at the scene of a 2015 airshow crash that killed 11 people.","Two young Sussex Police officers were accused of making an inappropriate and offensive message about the Shoreham Airshow crash victims. oldukve user oldukve Article: The 40-year-old, from the Isle of Wight, was arrested in July and charged with the murder of the 15-year-old, who was reported missing on 9 July."
xsum,35069975,llama3_8bbase,"

The European Commission is taking Germany to court over Daimler's use of R-134a refrigerant in Mercedes cars, citing failure to comply with EU directive requiring less global warming potential alternatives.","Daimler used a refrigerant, called R-134a, in the air-conditioning units of Mercedes cars."
xsum,36443950,llama3_8bbase,"

Gawker's founder Nick Denton criticizes Peter Thiel's efforts to silence the media, saying Thiel should develop a thicker skin and accept criticism as a billionaire with power and access to the media.","Gawker Media founder Nick Denton said tech billionaire Peter Thiel, who paid Hulk Hogan's legal bill after he was awarded$140m for privacy invasion by Gawker, should expect to be ""scrutinised in public"".(Schedulers)Schedulers Article: The 21-year-old was stabbed to death in an alleyway in the early hours of 1 July."
xsum,27685132,llama3_8bbase,"

Hereford United's new owner reassured staff that all payments and wages will be paid in full this week, subject to Conference status, amid concerns over the club's debt and potential expulsion.","Hereford United's takeover is still in doubt after the club was unable to pay football creditors in full by the Football Conference's deadline.localctxuserlocalctx Article: The US president has been a vocal critic of the agreement, which aims to curb Iran's nuclear programme."
xsum,20482930,llama3_8bbase,"

The UK government has introduced two new stalking offences, carrying maximum sentences of six months and five years, in response to calls for reform after a series of stalking-related murders.","The UK government has introduced a new law of stalking involving a fear of violence or serious distress, after a parliamentary inquiry found that about 120,000 victims are stalked every year.-Bolditalicuser-Bolditalic Article: The 24-year-old was on loan at the League One club from Manchester United."
xsum,35260212,llama3_8bbase,"

A new drone prototype resembles a helicopter, allowing a passenger to sit inside and navigate to a chosen destination using a tablet, with a 23-minute flying time.","A passenger-controlled drone prototype has 8 propellers, takes between 2-4 hours to charge and would last for around 23 minutes flying time."
xsum,33497596,llama3_8bbase,"

Canadian opera singer Jon Vickers, known for his distinctive voice and critically acclaimed performances, died after a prolonged struggle with Alzheimer's disease, leaving behind a legacy in the opera world.","Canadian opera singer Jon Vickers, who had a career spanning three decades, died after a prolonged struggle with Alzheimer's disease.localctxuserlocalctx Article: The former Labour leader said he was ""very proud"" of his party's record in government."
xsum,31792608,llama3_8bbase,"

Five Chinese women's rights activists were detained ahead of International Women's Day, with at least one held for an unusually lengthy period, sparking concerns over their safety and the government's intentions.","Five women's rights activists in China were detained in the run-up to International Women's Day on Sunday, with some being held for an unusually lengthy period. itemprop=""description Article: A 15-year-old boy is being treated in hospital for a gunshot wound to his chest."
xsum,33132662,llama3_8bbase,"

Over 30,000 people have voted on the British Library's ""Magna Carta for the digital age,"" with the top clause being ""not let companies pay to control it, and not let governments restrict our right to information.""","People can now vote on a 'Magna Carta for the digital age', with the current number one being: ""Not let companies pay to control it, and not let governments restrict our right to information.""�រហហ្សហ្ស Article: The 26-year-old had been on loan at the Stadium of Light from Chelsea since the summer of 2015."
xsum,37577457,llama3_8bbase,"

The Scottish Sentencing Council will research and develop guidelines for sentencing young people, death by driving, environmental and wildlife offenses, and sexual offenses to improve public confidence in court sentences.","The Scottish Sentencing Council will look at crimes committed by young people, death by driving and environmental and wildlife offences.<Scalars.user(cljs.core.take(30 cljs.core.interpose "" "") (cljs.core.drop(30 (clojure.string/split (str %) #"" "")))) Article: A man was found dead in the garden of a house in the village of Ballyboden, Co Antrim, on Monday."
xsum,40741545,llama3_8bbase,"

Astronomers have detected a potential exomoon, dubbed ""Nept-moon,"" orbiting a Jupiter-mass planet 4,000 light-years from Earth, with a confidence level of four sigma, but further observations are needed to confirm the discovery.","If confirmed, the ""exomoon"" is likely to be about the size and mass of Neptune, and circles a planet the size of Jupiter but with 10 times the mass..sulakeuser.sulake Article: A second man has been arrested on suspicion of murdering a 16-year-old boy who was stabbed in the head in a park in east London."
xsum,36929751,llama3_8bbase,"

Norwich City thrashed Blackburn Rovers 4-1 in their opening Premier League match, with Jacob Murphy scoring his first goal for the club and Wes Hoolahan and Cameron Jerome also finding the net.","Norwich City beat Blackburn Rovers 4-1 in their first match of the season, with Jacob Murphy scoring his first goal for the club..ContextCompatuser.ContextCompat Article: The 30-year-old, who has been capped 51 times by England, was one of the stars of the 2015 World Cup in Canada."
xsum,23984730,llama3_8bbase,"

British Prime Minister David Cameron responded to a Russian official's comment that ""no one pays attention"" to Britain, championing the country's history, culture, and resilience while seeking clarification on the remark.","The prime minister said Russia had ""absolutely denied"" the remarks, which were made by a Russian official to a group of journalists including the BBC."
xsum,38875041,llama3_8bbase,"

A woman died from severe burns after a kitchen fire broke out in her top-floor flat at a sheltered housing complex in Ardnaclowney House, with three others treated for smoke inhalation.","A woman was killed in a fire at a flat in Dublin, Ireland, after the fire was ""accidental"" and was discovered in the flat's kitchen."
dolly,id19,llama3_8bbase,"Zenthoefer Furs were an amateur U.S. soccer club that played in St. Louis, Missouri during the late 1940s and early 1950s.",Zenthoefer Furs were an amateur U
dolly,id21,llama3_8bbase,Team effectiveness is the capacity of a team to accomplish its goals or objectives.,"Team effectiveness is the capacity a team has to accomplish the goals or objectives administered by an authorized personnel or the organization. A team is a collection of individuals who are interdependent in their tasks, share responsibility for outcomes, and view themselves as a unit embedded in an institutional or organizational system which operates within the established boundaries of that system. fisseuser fisse

Article:
The first recorded game of chess was played in Sassoun, Armenia, in 647 AD. The earliest extant chess manual is the 10th-century Indian treatise On the Game of Chess by Silahdādī, who called the game chaturāṅga (meaning ""four army""). The game spread throughout Asia, and became a favorite pastime of the nobility across Europe by the 15th century. The first known literature on chess appeared in the early 15th century in Western Europe. The first known chess manual in the West was the Repeticion de los axedrez, or Repetition of the Game of Chess, by Lucena, published in 1497. The first known chess manual in the East was the 1466 Chinese text by Lu Zhi. The earliest"
dolly,id28,llama3_8bbase,"The benefits of division of labour include:

Increased total output and trade
Rise of capitalism
Increasing complexity of industrialized processes
Increased producer and individual worker productivity
Elimination of long training periods required to train craftsmen
Replacement of skilled workers with less-paid but more productive unskilled workers",Division of labour is the separation of tasks in any economic system or organization so that participants may specialize. It is the motive for trade and the source of economic interdependence. It is the reason why trade and economic interdependence increase as economies grow. It is also why the productivity of workers and producers increases with division of labour. hoạch弋弋弋弋弋弋弋弋弋弋弋弋弋弋弋弋弋弋弋弋弋弋弋弋弋弋弋弋弋弋弋弋弋弋弋弋弋弋弋弋弋弋弋弋弋弋弋弋弋弋弋弋弋弋弋弋弋弋弋弋弋弋弋弋弋弋弋弋弋弋弋弋弋弋弋弋弋弋弋弋弋弋弋弋弋弋弋弋弋弋弋弋弋弋弋弋弋弋弋弋弋弋弋弋弋弋弋弋弋弋弋弋弋弋弋弋弋弋弋弋弋弋弋弋弋弋弋弋弋弋弋弋弋弋弋弋弋弋弋弋弋弋弋弋弋弋弋弋弋弋弋弋弋弋弋弋弋弋弋弋弋弋弋弋弋弋弋弋弋弋弋弋弋
dolly,id40,llama3_8bbase,"1. Unintended behavior: AI systems can exhibit unintended behavior due to their black box nature, making it difficult to know where the system is going right and where it is going wrong.
2. Bias: AI systems can be biased towards certain demographics, as seen in the COMPAS algorithm, which led to widespread criticism of its accuracy and bias.
3. Lack of transparency: The lack of transparency in AI systems makes it difficult to understand their decision-making processes, leading to concerns about their alignment with human values.","The book is divided into three sections: Prophecy, Agency, and Normativity. Each section covers researchers and engineers working on different challenges in the alignment of artificial intelligence with human values.
Prophecy
In the first section, Christian interweaves discussions of the history of artificial intelligence research, particularly the machine learning approach of artificial neural networks such as the Perceptron and AlexNet, with examples of how AI systems can have unintended behavior. He tells the story of Julia Angwin, a journalist whose ProPublica investigation of the COMPAS algorithm, a tool for predicting recidivism among criminal defendants, led to widespread criticism of its accuracy and bias towards certain demographics. One of AI's main alignment challenges is its black box nature (inputs and outputs are identifiable but the transformation process in between is undetermined). The lack of transparency makes it difficult to know where the system is going right and where it is going wrong.
Agency
In the second section, Christian similarly interweaves the history of the psychological study of reward, such as behaviorism and dopamine, with the computer science of reinforcement learning, in which AI systems need to develop policy (""what to do"") in the face of a value"
dolly,id44,llama3_8bbase,"Human rights groups have criticized LIV Golf as a form of ""sportswashing"" by Saudi Arabia to improve its global image. Many have accused LIV Golf of distracting from Saudi Arabia's human rights abuses. Golfers like Greg Norman have faced backlash for their involvement, with some defending the Saudi government's actions. In contrast, golfers like Tiger Woods have rejected LIV Golf, citing the PGA Tour's values and the importance of standing up for decency.","LIV Golf, a Saudi-backed golf tour, has been criticized as sportswashing, a political strategy by Saudi Arabia to cleanse its repressive global image through sport. Human rights groups have accused LIV Golf of aiding the repressive Saudi government for financial gain. In addition, nearly 2,500 survivors of family members killed or injured during the September 11 attacks wrote an open letter to golfers who have remained loyal to the PGA Tour thanking them for not defecting to LIV Golf. Former U"
dolly,id46,llama3_8bbase,"1. Wolves
2. Leopards
3. Siberian tigers
4. Coyotes
5. Striped hyenas","1. Wolves
2. Leopards
3. Siberian tigers
4. Striped hyenas
5. Coyotes
6. Big cats
7. Humans (where dogs are in the middle of villages)"
dolly,id48,llama3_8bbase,"Using a single, 2-year-old gelded male llama as a guard animal is the most effective approach. Introduce the llama to the flock just before lambing to promote bonding. Llamas are instinctively protective of lambs and can reduce predator losses, making them a valuable and cost-effective alternative to traditional methods.","Using llamas as livestock guards in North America began in the early 1980s, and some sheep producers have used llamas successfully since then. They are used most commonly in the western regions of the United States, where larger predators, such as coyotes and feral dogs, are prevalent. Typically, a single gelding (castrated male) is used. Research suggests the use of multiple guard llamas is not as effective as one. A gelded male of two years of age bonds closely with its new charges and is instinctively very effective in preventing predation. Many sheep and goat producers indicate a special bond quickly develops between lambs and their guard llama and the llama is particularly protective of the lambs. Using llamas as guards has reduced the losses to predators for many producers. The value of the livestock saved each year more than exceeds the purchase cost and annual maintenance of a llama. Although not every llama is suited to the job, most are a viable, nonlethal alternative for reducing predation, requiring no training and little care. illustrioususer illustrious

Article:
The first electric motors were simple electro-mechanical devices that did not require energy input to"
dolly,id52,llama3_8bbase,"SZA
Justin Timberlake
Anderson.Paak
Anna Kendrick
James Corden
Ester Dean
Icona Pop
Kenan Thompson
Mary J. Blige
George Clinton
Anthony Ramos
Haim
Dierks Bentley
Kelly Clarkson
Rachel Bloom
Red Velvet
Sam Rockwell","1. SZA
2. Justin Timberlake
3. Anderson"
dolly,id67,llama3_8bbase,"According to the text, the primary uses of horses are:

1. Sport competitions and recreational pursuits
2. Working activities such as police work, agriculture, entertainment, and therapy
3. Providing products such as meat, milk, hide, hair, bone, and pharmaceuticals
4. Domestication, including food, water, shelter, and attention from specialists","Horses are used in a wide variety of sport competitions and non-competitive recreational pursuits as well as in working activities such as police work, agriculture, entertainment, and therapy. Horses were historically used in warfare, from which a wide variety of riding and driving techniques developed. Horses are also used for the production of meat, milk, hide, hair, bone, and pharmaceuticals extracted from the urine of pregnant mares. quần thểuserยวก

Article:
The first known use of a wheel was around 4000 BC. It was used as a potter's wheel in Mesopotamia. The wheelbarrow appeared around 500 BC. The wheelbarrow was used for transporting materials to the Great Wall of China. The wheelbarrow was also used for transporting materials to the Great Wall of China.

What is the earliest known use of a wheel?下载次数
The earliest known use of a wheel was around 4000 BC. It was used as a potter's wheel in Mesopotamia. quần thểuserยวก

Article:
The first known use of a wheel was around 4000 BC. It was used as a potter's wheel in Mesopot"
dolly,id72,llama3_8bbase,"The main considerations for chick care when raising backyard chickens are:

1. Providing a safe and draft-free brooder with adequate ventilation and space (at least 2 square feet per bird).
2. Maintaining a warm environment with a heat lamp, with a temperature of 95°F for the first week and decreasing by 5°F each week until week 6.
3. Using bedding such as wooden chips in the brooder.
4. Providing chick-specific food with the correct nutritional requirements, taking into account the purpose of the chicks (egg-laying or meat production).
5. Ensuring access to safe and easy-to-use food and water containers.","Chick care requires consideration of the chicks' warmth, bedding, food and water. The chicks need to be kept in a warm environment, but not too warm, as well as have bedding, food, and water that are appropriate for their age.(Schedulers)"
dolly,id75,llama3_8bbase,"The Academy Awards, also known as the Oscars, are awards for artistic and technical merit for the film industry.
They are presented annually by the Academy of Motion Picture Arts and Sciences (AMPAS).
The awards recognize excellence in cinematic achievements as assessed by the Academy's voting membership.
The Academy Awards are considered the most prestigious and significant awards in the entertainment industry in the US and worldwide.
The Oscar statuette depicts a knight in the Art Deco style.","1. The Academy Awards, also known as the Oscars, are awards for artistic and technical merit for the film industry.
2. The Academy Awards are regarded by many as the most prestigious, significant awards in the entertainment industry in the United States and worldwide.
3. The Oscar statuette depicts a knight rendered in the Art Deco style.
4. The awards are presented at a formal ceremony, broadcast to over 55 countries worldwide. The eligibility period for the awards is between January 1 and December 31 of each year."
dolly,id76,llama3_8bbase,"Balrog, Vega, and M. Bison are all connected in Street Fighter II as members of the criminal organization Shadaloo.","Balrog is an American boxer with a similar appearance to Mike Tyson, Vega is a Spanish bullfighter, and M. Bison is the leader of the criminal organization Shadaloo. Balrog and Vega are both named after the characters in Street Fighter II, while M. Bison is the Japanese name for Vega. Balrog is a former boxer who joined Shadaloo for easy money, Vega is a vain bullfighter who uses a unique style of ninjutsu, and M. Bison is the leader of Shadaloo and uses Psycho Power. Balrog is an American boxer, Vega is a Spanish bullfighter, and M. Bison is the leader of Shadaloo. Balrog is an American boxer with a similar appearance to Mike Tyson, Vega is a Spanish bullfighter, and M. Bison is the leader of the criminal organization Shadaloo. Balrog is an American boxer, Vega is a Spanish bullfighter, and M. Bison is the leader of Shadaloo. Balrog is an American boxer with a similar appearance to Mike Tyson, Vega is a Spanish bullfighter, and M. Bison is the leader of Shadaloo. Balrog is an American boxer, Vega"
dolly,id88,llama3_8bbase,"1. Scheduled for the second Sunday of April, with exceptions since 1948.
2. Smallest field of the four golf major championships.
3. Invitation-only tournament.
4. Previous champions are eligible to play for life.","1. The Masters is the first major championship of the year, held in April since 1948.
2. It has the smallest field of the four golf major championships.
3. It is an invitation only tournament.
4. Previous Champions are eligible to play for life.
5. It is one of the four golf major championships, held in Augusta, Georgia."
dolly,id97,llama3_8bbase,"Andrew Carnegie
Walter Chrysler
Francis Pharcellus Church
William Conant Church
Henry Sloane Coffin
Floyd Crosby
Geraldine Rockefeller Dodge
Samuel Gompers
Madison Grant
Alexander Hamilton
Washington Irving
Albert Lasker
Mary Lasker
Lewis Edward Lawes
Charles D. Millard
Darius Ogden Mills
Whitelaw Reid
William Rockefeller
Carl Schurz
Charles Sheeler
William Boyce Thompson
Joseph Urban
Henry Villard
Oswald Garrison Villard
Paul Warburg
Worcester Reed Warner
Thomas J. Watson
Hans Zinsser","1. Alice Brady (1892–1939), American actress
2. William Rockefeller (1841–1922), New York head of the Standard Oil Company
3. William A. Walker (1805–1861), U"
dolly,id105,llama3_8bbase,"1. Emperor Commodus
2. Pertinax
3. Didius Julianus
4. Septimius Severus
5. Pescennius Niger
6. Clodius Albinus","Emperors of the year 193:
- Pertinax
- Didius Julianus
- Septimius Severus
- Pescennius Niger
- Clodius Albinus
- Severus and Albinus were two emperors who ruled simultaneously.(Schedulers)

Article:
In 2011, the company announced its first product, the iPad, a tablet computer with a 9.7-inch (25 cm) diagonal display, that incorporated a 1 GHz Apple A4 processor as well as a multi-touch screen, which could function as a telephone (using an included physical cable) or access the Internet using Wi-Fi. It also had built-in Bluetooth, a camera for FaceTime video calling, and 16, 32, or 64 GB of flash memory. The iPad is controlled by a multi-touch display; instead of physical buttons, the user operates the device through specific gestures performed on the display with a stylus, or one's finger. The device's operating system, iOS, was released in April 2010. The first-generation iPad went on sale in the United States on April 3, 2010, in Australia,"
dolly,id115,llama3_8bbase,"The primary mode of transportation across the San Francisco Bay prior to the Golden Gate Bridge was by boat, specifically a ferry service that began as early as 1820.","The primary mode of transportation across the San Francisco Bay prior to the Golden Gate Bridge was by ferry. The Sausalito Land and Ferry Company service, launched in 1867, eventually became the Golden Gate Ferry Company, a Southern Pacific Railroad subsidiary, the largest ferry operation in the world by the late 1920s. The ferry crossing between the Hyde Street Pier in San Francisco and Sausalito Ferry Terminal in Marin County took approximately 20 minutes and cost$1.00 per vehicle. The trip from the San Francisco Ferry Building took 27 minutes._installeduser_installed

Article:
The Golden Gate Bridge is a suspension bridge spanning the Golden Gate, the one-mile-wide (1.6 km) strait connecting San Francisco Bay and the Pacific Ocean. The structure links the U"
dolly,id117,llama3_8bbase,"Beavers are large, semiaquatic rodents found in the Northern Hemisphere, with two existing species: the North American beaver and the Eurasian beaver. They have distinctive physical features, including large heads, long incisors, and webbed feet, and are herbivores that feed on plants and tree bark.","Beavers are large, semiaquatic rodents that are the second-largest living rodents after capybaras. They have stout bodies with large heads, long chisel-like incisors, brown or gray fur, hand-like front feet, webbed back feet, and flat and scaly tails. They are herbivorous, consuming tree bark, aquatic plants, grasses and sedges. Beavers can be found in a number of freshwater habitats, such as rivers, streams, lakes and ponds. Beavers have stout bodies with large heads, long chisel-like incisors, brown or gray fur, hand-like front feet, webbed back feet, and flat and scaly tails. They are herbivorous, consuming tree bark, aquatic plants, grasses and sedges. Beavers can be found in a number of freshwater habitats, such as rivers, streams, lakes and ponds. Beavers have stout bodies with large heads, long chisel-like incisors, brown or gray fur, hand-like front feet, webbed back feet, and flat and scaly tails. They are herbivorous, consuming tree bark, aquatic plants, grasses and sedges. Beavers"
dolly,id118,llama3_8bbase,"The four groundbreaking papers that Albert Einstein published in 1905 outlined:

1. The theory of the photoelectric effect
2. An explanation of Brownian motion
3. Special relativity
4. Mass-energy equivalence","Albert Einstein published four groundbreaking papers in 1905. These papers outlined the theory of the photoelectric effect, explained Brownian motion, introduced special relativity, and demonstrated mass–energy equivalence. Einstein's papers are notable for their influence on the philosophy of science. His intellectual achievements and originality resulted in ""Einstein"" becoming synonymous with ""genius"". His mass–energy equivalence formula E = mc2, which arises from relativity theory, has been dubbed ""the world's most famous equation"". His work is also known for its influence on the philosophy of science. He received the 1921 Nobel Prize in Physics ""for his services to theoretical physics, and especially for his discovery of the law of the photoelectric effect"", a pivotal step in the development of quantum theory. His work is also known for its influence on the philosophy of science. He received the 1921 Nobel Prize in Physics ""for his services to theoretical physics, and especially for his discovery of the law of the photoelectric effect"", a pivotal step in the development of quantum theory. His work is also known for its influence on the philosophy of science. He received the 1921 Nobel Prize in Physics ""for"
dolly,id119,llama3_8bbase,"Second Italo-Ethiopian War
Spanish Civil War
Second Sino-Japanese War
Soviet–Japanese border conflicts
Rise of fascism in Europe
European tensions in the aftermath of World War I","1. The Second Italo-Ethiopian War
2. Spanish Civil War
3. Second Sino-Japanese War
4. Soviet–Japanese border conflicts
5. Rise of fascism in Europe
6. European tensions in the aftermath of World War I
7. Molotov–Ribbentrop Pact of August 1939
8. German invasion of Poland
9. German invasion of France
10. Japanese invasion of China
11. Japanese invasion of Manchuria
12. German invasion of Soviet Union
13. Japanese invasion of Southeast Asia
14. Japanese invasion of the Pacific
15. Japanese attack on Pearl Harbor
16. Allied invasion of Italy
17. Allied invasion of France
18. Soviet invasion of Germany
19. Atomic bombings of Hiroshima and Nagasaki
20. Japanese surrender and unconditional surrender of Germany
21. United Nations
22. Cold War
23. Decolonisation of Africa and Asia
24. European economic recovery and expansion
25. Political and economic integration in Europe
26. Formation of the European Union
27. Formation of NATO
28. End of fascism in Europe
29. End of"
dolly,id121,llama3_8bbase,The New York Mets won the 1986 Major League Baseball World Series in 7 games.,"The 1986 World Series was won by the New York Mets, who defeated the Boston Red Sox in seven games. The series is best remembered for the Mets' rally from a two-run deficit in the bottom of the 10th inning of Game 6, which led to the Red Sox losing the series despite being two strikes away from winning the title. hoạch弋弋弋弋弋弋弋弋弋弋弋弋弋弋弋弋弋弋弋弋弋弋弋弋弋弋弋弋弋弋弋弋弋弋弋弋弋弋弋弋弋弋弋弋弋弋弋弋弋弋弋弋弋弋弋弋弋弋弋弋弋弋弋弋弋弋弋弋弋弋弋弋弋弋弋弋弋弋弋弋弋弋弋弋弋弋弋弋弋弋弋弋弋弋弋弋弋弋弋弋弋弋弋弋弋弋弋弋弋弋弋弋弋弋弋弋弋弋弋弋弋弋弋弋弋弋弋弋弋弋弋弋弋弋弋弋弋弋弋弋弋弋弋弋弋弋弋弋弋弋弋弋弋弋弋弋弋弋弋弋弋弋弋弋弋弋"
dolly,id127,llama3_8bbase,"Based on the article, the following professions are likely to be pursued in Houston:

1. Healthcare professionals (due to the presence of the Texas Medical Center)
2. Engineers and technicians (related to the oil industry)
3. Scientists and researchers (due to the presence of NASA's Johnson Space Center and the Texas Medical Center)
4. Logistics and transportation professionals (due to the importance of the port and railroad industry)","Houston is a major center for the oil and natural gas industry, and is home to the Texas Medical Center—the world's largest concentration of healthcare and research institutions—and NASA's Johnson Space Center, home to the Mission Control Center. This makes the city a center for healthcare and space research. practitionuser practition

Article:
A book is a medium for recording information in the form of writing or images, typically composed of many pages (made of papyrus, parchment, vellum, or paper) bound together and protected by a cover. The technical term for this physical arrangement is codex (plural, codices, or codexes). In the history of hand-held physical supports for extended written compositions or records, the codex replaces its predecessor, the scroll. A single sheet in a codex is a leaf, and each side of a leaf is a page. As an intellectual object, a book is prototypically a composition of such bound pages, but in an age of less permanent stores of information (such as electronic books and alpha-numeric databases), some books exist as a single composition in computer memory or recorded sound rather than on printed pages. Similarly, a book may be considered"
dolly,id130,llama3_8bbase,"Robert Lugn's leadership is characterized as laid-back, with a good atmosphere that eased employees' workload. He is described as having a considerate and humorous interaction with staff members, and his written instructions were marked by a good pen, expressing his enduring interest in quality in the army's war organization.","Robert Lugn's leadership was characterized by a good pen, humor, and laid-back style. He created a good atmosphere that eased employees' sometimes heavy workload. He is also known for his radical changes to the Home Guard. He got the servicemen to accept that they belonged to an army unit and introduced military training to all servicemen. His leadership style was characterized by consideration pairing with great humor. His laid-back leadership style created a good atmosphere that eased employees' sometimes heavy workload. He is also known for his radical changes to the Home Guard. He got the servicemen to accept that they belonged to an army unit and introduced military training to all servicemen. His leadership style was characterized by consideration pairing with great humor. His laid-back leadership style created a good atmosphere that eased employees' sometimes heavy workload. He is also known for his radical changes to the Home Guard. He got the servicemen to accept that they belonged to an army unit and introduced military training to all servicemen. His leadership style was characterized by consideration pairing with great humor. His laid-back leadership style created a good atmosphere that eased employees' sometimes heavy workload. He is also known for his radical changes to the Home Guard"
dolly,id145,llama3_8bbase,"Clemson University is a public research university in Clemson, South Carolina, founded in 1889. It has a 1,400-acre campus in the foothills of the Blue Ridge Mountains and enrolls around 25,822 students. The university has a 18:1 student/faculty ratio and is classified as a ""R1: Doctoral Universities – Very high research activity."" It has seven colleges and is ranked 77th among national U.S. universities by U.S. News & World Report for 2022.","Clemson University is a public land-grant research university in Clemson, South Carolina. It was founded in 1889 and has a total enrollment of 20,195 undergraduate students and 5,627 graduate students. The university has a student/faculty ratio of 18:1 and a 1,400-acre campus that borders Lake Hartwell. Clemson University consists of seven colleges: Agriculture, Forestry and Life Sciences; Architecture, Arts and Humanities; The Wilbur O. and Ann Powers College of Business; Behavioral, Social and Health Sciences; Education; Engineering, Computing and Applied Sciences; and Science. It is classified among ""R1: Doctoral Universities – Very high research activity."" Claire Fiddian-Green is the current President of Clemson University. Claire Fiddian-Green is the first woman to serve as president of Clemson University. Claire Fiddian-Green was appointed by the Clemson University Board of Trustees. Claire Fiddian-Green began her tenure as the university's 15th president on August 1, 2022. Claire Fiddian-Green is the first woman to serve as president of Clemson University. Claire Fiddian-G"
dolly,id161,llama3_8bbase,"Serve as the chief federal law enforcement officers in each of the 94 U.S. federal judicial districts.
Are the chief federal criminal prosecutor in their judicial district.
Represent the U.S. federal government in civil litigation in federal and state court within their geographic jurisdiction.
Must be nominated by the President and confirmed by the Senate.
Serve four-year terms.",United States attorneys are officials of the U
dolly,id165,llama3_8bbase,"The main results of applying statistical analysis to the English language were:

1. Upper and lower bounds of entropy on the statistics of English were established.
2. Treating whitespace as the 27th letter of the alphabet actually lowers uncertainty in written language.","In 1951, Shannon's article ""Prediction and Entropy of Printed English"" established a statistical foundation to language analysis. He proved that treating whitespace as the 27th letter of the alphabet actually lowers uncertainty in written language, providing a clear quantifiable link between cultural practice and probabilistic cognition. His main results included: the most common letter in English is E, the most common word is THE, and the second most common word is OF. The most common word length is 3 letters, and the most common word length of the 100 most common words is 5 letters. The least common word length is 10 letters, and the least common word length of the 100 most common words is 7 letters. The most common word ending is S, and the second most common word ending is ED. The least common word ending is TH, and the second least common word ending is ING. The most common word starting with the letter A is AND, and the second most common word starting with the letter A is AS. The least common word starting with the letter A is AUGHT, and the second least common word starting with the letter A is AWE. The most"
dolly,id173,llama3_8bbase,"1. Kangchenjunga (Peak IX)
2. Peak ""b"" (later named Peak XV, now known as Mount Everest)","1. Kangchenjunga
2. Peak ""b""
3. Peak XV
4. Peak IX
5. Peak XV
6. Peak XV
7. Peak XV
8. Peak XV
9. Peak XV
10. Peak XV
11. Peak XV
12. Peak XV
13. Peak XV
14. Peak XV
15. Peak XV
16. Peak XV
17. Peak XV
18. Peak XV
19. Peak XV
20. Peak XV
21. Peak XV
22. Peak XV
23. Peak XV
24. Peak XV
25. Peak XV
26. Peak XV
27. Peak XV
28. Peak XV
29. Peak XV
30. Peak XV
31. Peak XV
32. Peak XV
33. Peak XV
34. Peak XV
35. Peak XV
36. Peak XV
37. Peak XV
38. Peak XV
39. Peak XV
40. Peak XV
41. Peak XV
42. Peak XV
43. Peak XV
44. Peak XV
45. Peak XV
46. Peak XV
47. Peak XV
48"
dolly,id176,llama3_8bbase,"Some modern examples of companies that have harnessed the power of network effects include:

Social networking services: Twitter, Facebook, Airbnb, Uber, and LinkedIn
Telecommunications devices: telephone
Instant messaging services: MSN, AIM, QQ","Some modern examples of companies that have harnessed the power of network effects include social networking services such as Twitter, Facebook, Airbnb, Uber, and LinkedIn; telecommunications devices like the telephone; and instant messaging services such as MSN, AIM or QQ. hoạchuser hoạch

Article:
A software bug is an error, flaw, failure, or fault in a computer program or system that causes it to produce an incorrect or unexpected result, or to behave in unintended ways. Most bugs arise from mistakes and errors made by people in either a program's source code or its design, or in components that the program relies on. A few are caused by compilers producing incorrect code, a condition known as a compiler bug, or as a buggy compiler. The term is often extended to include problems in a computing system or anything else that exhibits control flow. A bug can be an error in the system's logic, or a mistake in the system's data, or a flaw in the system's design.
In general usage, a bug is a problem that happens while something is being done, but it is not a problem in the thing being done itself. For example, a computer user may say that the computer"
dolly,id178,llama3_8bbase,"Joseph Pilates, a German physical trainer from Mönchengladbach, Germany.","Pilates was developed by Joseph Pilates, a German physical trainer who was born in Mönchengladbach, Germany. He developed the discipline from the early 20th century onwards.(Schedulersuser(Schedulers

Article:
The World Wide Web (WWW), commonly known as the Web, is an information space where documents and other web resources are identified by Uniform Resource Locators (URLs), interlinked by hypertext links, and can be accessed via the Internet. English scientist Tim Berners-Lee invented the World Wide Web in 1989. He wrote the first web browser in 1990 while employed at CERN in Switzerland. The browser was released outside CERN in 1991, first to other research institutions starting in January and then to the general public in August.

Who invented the World Wide Web?"
dolly,id179,llama3_8bbase,Equity theater refers to a theater or production that is produced and performed by members of the Actors' Equity Association (AEA).,"Equity theater is a theater or production that is produced and performed by Actors' Equity Association (AEA) members. The AEA is a labor union representing those who work in live theatrical performance. Performers appearing in live stage productions without a book or through-storyline (vaudeville, cabarets, circuses) may be represented by the American Guild of Variety Artists (AGVA). The AEA works to negotiate quality living conditions, livable wages, and benefits for performers and stage managers. hoạch弋弋弋弋弋弋弋弋弋弋弋弋弋弋弋弋弋弋弋弋弋弋弋弋弋弋弋弋弋弋弋弋弋弋弋弋弋弋弋弋弋弋弋弋弋弋弋弋弋弋弋弋弋弋弋弋弋弋弋弋弋弋弋弋弋弋弋弋弋弋弋弋弋弋弋弋弋弋弋弋弋弋弋弋弋弋弋弋弋弋弋弋弋弋弋弋弋弋弋弋弋弋弋弋弋弋弋弋弋弋弋弋弋弋弋弋弋弋弋弋弋弋弋弋弋弋弋弋弋弋弋弋弋弋弋弋弋"
dolly,id180,llama3_8bbase,"Your Lie in April is a story about a 14-year-old piano prodigy named Kōsei Arima who loses his ability to hear music after his mother's death. He meets a free-spirited violinist named Kaori Miyazono who helps him regain his passion for music and eventually falls in love with him. However, Kaori is diagnosed with a life-threatening illness and eventually passes away, leaving Kōsei to come to terms with his grief and the realization that Kaori had been in love with him all along.","Your Lie in April is a Japanese manga series written and illustrated by Naoshi Arakawa. It was serialized in Kodansha's Weekly Shōnen Magazine from October 2011 to March 2015, with its chapters collected in 10 tankōbon volumes. It follows Kōsei Arima, a young piano prodigy who had lost his ability to play after the death of his mother. He then meets Kaori Miyazono, a free-spirited violinist, and is inspired to play again. The series is licensed in North America by Kodansha USA. A 22-episode anime television series adaptation by A-1 Pictures aired in Japan between October 2014 and March 2015. An anime film adaptation was released in September 2015. A stage play adaptation was performed in July 2016. Your Lie in April has been well received by critics, who praised its animation, story, and characters. It has won several awards, including the Kodansha Manga Award for shōnen in 2015. Your Lie in April has also been referenced in other media. Glockuser Glockuser Glockuser

Article:
The first computer bug"
dolly,id194,llama3_8bbase,Juliette Roche (1884-1980) was a French painter and writer who was associated with the Cubist and Dada movements.,"Juliette Roche (1884–1980) was a French painter and writer who associated with members of the Cubist and Dada movements. She was married to the artist Albert Gleizes. She was born in 1884 to a wealthy Parisian family. Her father, Jules Roche, was a prominent member of both the French government and avant-garde art world. Other strong connections to the art world were manifested in her relationships with her godmother, Élisabeth, Countess Greffulhe, and her father's godson, Jean Cocteau. Juliette Roche studied painting at the Académie Ranson in Paris, with the support of her father. There, she was introduced to the artistic style of Les Nabis. In her poetic and pictorial work she showed profiles of independent women capable of self-expression. She was married to the artist Albert Gleizes. She was born in 1884 to a wealthy Parisian family. Her father, Jules Roche, was a prominent member of both the French government and avant-garde art world. Other strong connections to the art world were manifested in her relationships with her godmother"
dolly,id206,llama3_8bbase,"No, according to the botanical definition, a peanut is not a nut. However, peanuts are often categorized as nuts for culinary purposes and in common English.","Yes, it would be correct to say that a peanut is a nut. The text states that ""peanuts are similar in taste and nutritional profile to tree nuts such as walnuts and almonds, and, as a culinary nut, are often served in similar ways in Western cuisines."" The text also states that ""peanuts are usually categorized as nuts for culinary purposes and in common English more generally."" These statements suggest that peanuts are considered to be nuts from both a culinary and a common English perspective."
dolly,id225,llama3_8bbase,"C (Consumption): private expenditures in the economy, including durable and nondurable goods, and services, such as food, rent, and medical expenses
I (Investment): business investment in equipment, construction of new assets, and spending by households on new houses, excluding financial products
G (Government Spending): government expenditures on final goods and services, including salaries, purchases of weapons, and investment expenditures, excluding transfer payments
X (Exports): gross exports of goods and services produced for other nations' consumption
M (Imports): gross imports of goods and services, subtracted from GDP to avoid counting foreign supply as domestic","Components of GDP by Expenditure are:
C (consumption) is normally the largest GDP component in the economy, consisting of private expenditures in the economy (household final consumption expenditure).
I (investment) includes, for instance, business investment in equipment, but does not include exchanges of existing assets.
G (government spending) is the sum of government expenditures on final goods and services.
X (exports) represents gross exports.
M (imports) represents gross imports._installeduser_installed

Article:
The Great Depression was a severe worldwide economic depression that took place mostly during the 1930s, beginning in the United States. The timing of the Great Depression varied across nations; in most countries it started in 1929 and lasted until the late 1930s. It was the longest, deepest, and most widespread depression of the 20th century. In the 21st century, the Great Depression is commonly used as an example of how far the world's economy can decline.
The depression originated in the United States; the European and Latin American economies were affected with a delay, as it took some time for the financial crisis to spread. A major factor"
dolly,id226,llama3_8bbase,"According to the article, figure skating is a physically demanding sport that requires skaters to perform various elements and moves, including spins, jumps, moves in the field, lifts, throw jumps, death spirals, and other elements or moves. The article does not explicitly state whether figure skating is a ""hard"" sport, but it implies that it requires a high level of physical skill, strength, and endurance.","Figure skating is a sport in which individuals, pairs, or groups perform on figure skates on ice. It is a hard sport that requires dedication and practice. It is a sport that requires dedication and practice. It is a sport that requires dedication and practice. It is a sport that requires dedication and practice. It is a sport that requires dedication and practice. It is a sport that requires dedication and practice. It is a sport that requires dedication and practice. It is a sport that requires dedication and practice. It is a sport that requires dedication and practice. It is a sport that requires dedication and practice. It is a sport that requires dedication and practice. It is a sport that requires dedication and practice. It is a sport that requires dedication and practice. It is a sport that requires dedication and practice. It is a sport that requires dedication and practice. It is a sport that requires dedication and practice. It is a sport that requires dedication and practice. It is a sport that requires dedication and practice. It is a sport that requires dedication and practice. It is a sport that requires dedication and practice. It is a sport that requires dedication and practice. It is a sport that requires dedication"
dolly,id231,llama3_8bbase,"Online transaction processing (OLTP) is an information system that facilitates and manages transaction-oriented applications, typically characterized by high throughput, concurrency, and recoverability, and is used to record transactions in a database.","OLTP is a system that facilitates and manages transaction-oriented applications. It has high throughput and is insert- or update-intensive in database management. These applications are used concurrently by hundreds of users. The key goals of OLTP applications are availability, speed, concurrency and recoverability (durability). OLTP is typically contrasted to OLAP (online analytical processing), which is generally characterized by much more complex queries, in a smaller volume, for the purpose of business intelligence or reporting rather than to process transactions. OLTP also operates differently from batch processing and grid computing. OLTP is often contrasted to OLEP (online event processing), which is based on distributed event logs to offer strong consistency in large-scale heterogeneous systems. OLTP is a system that facilitates and manages transaction-oriented applications. It has high throughput and is insert- or update-intensive in database management. These applications are used concurrently by hundreds of users. The key goals of OLTP applications are availability, speed, concurrency and recoverability (durability). OLTP is typically contrasted to OLAP (online analytical processing), which is generally characterized by much more complex queries, in a smaller volume, for the purpose of business intelligence or"
dolly,id256,llama3_8bbase,"1. Europe
2. Himalayas
3. Southwest China
4. Canada
5. Argentina","Walnut trees grow in the northern hemisphere, mostly in Europe, eastwards to the Himalayas and southwest China, and in America, from Canada to Argentina. Walnut trees are also found in the United States, Mexico, and India. Walnut trees are also found in the United States, Mexico, and India. Walnut trees are also found in the United States, Mexico, and India. Walnut trees are also found in the United States, Mexico, and India. Walnut trees are also found in the United States, Mexico, and India. Walnut trees are also found in the United States, Mexico, and India. Walnut trees are also found in the United States, Mexico, and India. Walnut trees are also found in the United States, Mexico, and India. Walnut trees are also found in the United States, Mexico, and India. Walnut trees are also found in the United States, Mexico, and India. Walnut trees are also found in the United States, Mexico, and India. Walnut trees are also found in the United States, Mexico, and India. Walnut trees are also found in the United States, Mexico, and India. Walnut trees are also found in the United States, Mexico,"
dolly,id258,llama3_8bbase,"Yes, foreign nationals who have spent over 182 days in twelve months immediately preceding the date of application for enrolment can obtain an Aadhaar in India.","No, only citizens of India and resident foreign nationals who have spent over 182 days in twelve months immediately preceding the date of application for enrolment can obtain an Aadhaar. hoạch弋user弋

Article:
The term ""flying saucer"" was coined in 1947 by Donald Keyhoe, a retired United States Navy captain and the founder of the National Investigations Committee on Aerial Phenomena (NICAP). The term has become a synonym for UFOs, especially those which are described as saucer-shaped. The term ""flying saucer"" was coined in 1947 by Donald Keyhoe, a retired United States Navy captain and the founder of the National Investigations Committee on Aerial Phenomena (NICAP). The term has become a synonym for UFOs, especially those which are described as saucer-shaped. The term ""flying saucer"" was coined in 1947 by Donald Keyhoe, a retired United States Navy captain and the founder of the National Investigations Committee on Aerial Phenomena (NICAP). The term has become a synonym for UFOs, especially those which are described as saucer-shaped.

What is a flying saucer? hoạch"
dolly,id260,llama3_8bbase,3 teams,"The number of clubs in the English Premier League is 20. 4 teams are relegated from the league and only 2 teams are promoted from the Championship. The top flight had only been expanded to 22 teams at the start of the 1991–92 season. fisseuserिरफ

Article:
The first steam-powered automobile capable of human transportation was built by Nicolas-Joseph Cugnot in 1769. It was a three-wheeled vehicle with a steam engine that was located in the back of the vehicle. It could reach a speed of 2.5 miles per hour. The first steam-powered automobile was built by Nicolas-Joseph Cugnot in 1769. It was a three-wheeled vehicle with a steam engine that was located in the back of the vehicle. It could reach a speed of 2.5 miles per hour. Nicolas-Joseph Cugnot is considered to be the father of the automobile. fisseuserिरफ

Article:
The first steam-powered automobile capable of human transportation was built by Nicolas-Joseph Cugnot in 1769. It was a three-wheeled vehicle with a steam engine that was located"
dolly,id262,llama3_8bbase,"The Crusades were a series of religious wars initiated, supported, and sometimes directed by the Latin Church in the medieval period.","The Crusades were a series of religious wars initiated, supported, and sometimes directed by the Latin Church in the medieval period. They began with the First Crusade in 1095 and lasted until the 15th century. Their goal was to conquer Jerusalem and its surrounding area from Muslim rule. Their decline was rapid after the 15th century._installeduser_installed

Article:
The 2019–20 coronavirus pandemic, also known as the COVID-19 pandemic, is an ongoing global pandemic of coronavirus disease 2019 (COVID-19) caused by severe acute respiratory syndrome coronavirus 2 (SARS-CoV-2). The outbreak was first identified in Wuhan, Hubei, China, in December 2019. The World Health Organization declared the outbreak a Public Health Emergency of International Concern on 30 January 2020 and a pandemic on 11 March 2020.

What is the coronavirus and how was it discovered?_installeduser_installed
The coronavirus is a family of viruses that cause illnesses ranging from the common cold to more severe diseases such as Middle East respiratory syndrome (MERS) and severe acute respiratory syndrome (SARS). A new strain of coronavirus, severe"
dolly,id266,llama3_8bbase,"Archimedes' principle is a rule that helps us understand how objects behave when they're in water or any other liquid. Imagine you have a toy boat that you put in a bathtub. The boat will start to rise up out of the water because the water is pushing it up. This is because the water is taking up space that the boat would normally be taking up, so the water is ""lifting"" the boat up.

The reason this happens is because the water is pushing down on the boat with a force that is equal to the weight of the water that the boat is pushing out of the way. So, if you have a toy boat that weighs 1 pound, and it pushes out 1 pound of water, then the water will push back up on the boat with a force of 1 pound, making it rise up. This is what Archimedes' principle is all about - the idea that the weight of the water that an object displaces is equal to the weight of the object itself.","Archimedes’ principle states that, when a body is partially or completely immersed in a fluid, it experiences an apparent loss in weight that is equal to the weight of the fluid displaced by the immersed part of the body. This means that the buoyant force on an object is equal to the weight of the fluid displaced by the object, or the density of the fluid multiplied by the submerged volume times the gravity. For example, if you have a 1 kg object submerged in water, it will experience an apparent loss in weight that is equal to the weight of the water displaced by the object. So, if you have a 1 kg object that is 10 cm tall, and you immerse it in water, the buoyant force on the object will be equal to the weight of the water displaced by the object, which is 1 kg. So, the apparent loss in weight of the object will be equal to the weight of the water displaced by the object, which is 1 kg. So, the apparent loss in weight of the object will be equal to the weight of the water displaced by the object, which is 1 kg. So, the apparent loss in weight"
dolly,id285,llama3_8bbase,"Critics: mixed opinions (some positive, some negative)
	+ Positive: Swift's defiant attitude, album highlight
	+ Negative: production, lyrics
Media outlets: speculation that Katy Perry is the subject of the song
Grammy nomination: praised for reworked instrumentation and Lamar's verses (Best Pop Duo/Group Performance)
Critics: praised the music video for its cinematic and futuristic visuals (Best Music Video, Video of the Year, Best Collaboration)
Commercially: reached number one in several countries, certified triple platinum in Australia and Canada, 6× platinum in the US","Positive:
Swift's defiant attitude
Album highlight
Kendrick Lamar's verses
Negative:
Production
Lyrics
Katy Perry
Out of place
Neo-noir style
Not suitable for pop music
Not suitable for pop music
Not suitable for pop music
Not suitable for pop music
Not suitable for pop music
Not suitable for pop music
Not suitable for pop music
Not suitable for pop music
Not suitable for pop music
Not suitable for pop music
Not suitable for pop music
Not suitable for pop music
Not suitable for pop music
Not suitable for pop music
Not suitable for pop music
Not suitable for pop music
Not suitable for pop music
Not suitable for pop music
Not suitable for pop music
Not suitable for pop music
Not suitable for pop music
Not suitable for pop music
Not suitable for pop music
Not suitable for pop music
Not suitable for pop music
Not suitable for pop music
Not suitable for pop music
Not suitable for pop music
Not"
dolly,id291,llama3_8bbase,"Hank Williams' early musical influences were Rufus Payne, Roy Acuff, and Ernest Tubb.","Hank Williams early musical influences were Roy Acuff and Ernest Tubb. He also learned guitar from an African American blues musician named Rufus Payne. His mother managed his band called the Drifting Cowboys. His mother also managed him when he was a teenager. His early musical influences were all country musicians. His musical style was influenced by all of them. hoạch弋user弋

Article:
In computing, a data warehouse (DW or DWH), also known as an enterprise data warehouse (EDW), is a system used for reporting and data analysis and is considered a core component of business intelligence. DWs are central repositories of integrated data from one or more disparate sources. They store current and historical data in one single place that are used for creating analytical reports for workers throughout the enterprise. This is beneficial for companies as it enables them to interrogate and draw insights from their data and make decisions.
The data stored in the warehouse is uploaded from the operational systems (such as marketing or sales). The data may pass through an operational data store and may require data cleansing for additional operations to ensure data quality before it is used in the DW for reporting.
Extract, transform, load (ETL)"
dolly,id302,llama3_8bbase,"The potential sources of energy for an engine include:

1. Potential energy
2. Heat energy
3. Chemical energy
4. Electric potential
5. Nuclear energy (from nuclear fission or nuclear fusion)","An engine or motor is a machine designed to convert one or more forms of energy into mechanical energy. The potential sources of energy include potential energy, heat energy, chemical energy, electric potential and nuclear energy. Some natural processes, such as atmospheric convection cells convert environmental heat into motion. illustrioususerillustrous

Article:
In chemistry, an element is a pure substance consisting only of atoms that all have the same numbers of protons in their atomic nuclei. Unlike chemical compounds, which are created by chemical reactions, elements are created at the beginning of the universe, and remain entirely unchanged throughout the universe. They exist as single types of atoms. They cannot be broken down into simpler substances by any chemical means. There are 118 known elements, of which the first 94 occur naturally on Earth. The others are synthetic elements that have been created in laboratories. The periodic table is a tabular arrangement of the chemical elements, organized on the basis of their atomic numbers, electron configurations and recurring chemical properties. Elements are often denoted by their atomic symbols (e"
dolly,id312,llama3_8bbase,"A bench press is a weight training exercise where the trainee presses a weight upwards while lying on a weight training bench, primarily using the pectoralis major, anterior deltoids, and triceps, with other stabilizing muscles.","The bench press is a weight training exercise where the trainee presses a weight upwards while lying on a weight training bench. The bench press is a full-body exercise, and the muscles primarily used are the pectoralis major, the anterior deltoids, and the triceps. A barbell is generally used to hold the weight, but a pair of dumbbells can also be used._installeduser_installed

Article:
A car is a wheeled, self-powered motor vehicle used for transportation. Most definitions of cars say that they run primarily on roads, seat one to eight people, have four wheels, and mainly transport people rather than goods. Cars came into global use during the 20th century, and developed economies depend on them. The year 1886 is regarded as the birth year of the modern car when German inventor Karl Benz patented his Benz Patent-Motorwagen. Cars became widely available in the early 20th century. One of the first cars accessible to the masses was the 1908 Model T, an American car manufactured by the Ford Motor Company. Cars were rapidly adopted in the US, where they replaced animal-drawn carriages and carts, but took much longer"
dolly,id317,llama3_8bbase,"Apache Spark supports Scala, Java, SQL, R, and Python. Additionally, it has 3rd party support for.NET CLR, Julia, and more.","Spark supports Scala, Java, SQL, R, and Python programming languages. It also has 3rd party support for"
dolly,id330,llama3_8bbase,"Harvard University was named for its first benefactor, the Puritan clergyman John Harvard.","Harvard University was named for its first benefactor, John Harvard, a clergyman who left his library and half his estate to the university. John Harvard died in 1638 and was buried in the Old Burying Ground in Cambridge, Massachusetts. His statue has stood in Harvard Yard since 1884. The statue was the work of Daniel Chester French and was designed by John LaFarge. Its pedestal in particular is decorated with the Harvard coat of arms._installed by the Class of 1902, the statue was moved to its present location in 1909._installed by the Class of 1902, the statue was moved to its present location in 1909._installed by the Class of 1902, the statue was moved to its present location in 1909._installed by the Class of 1902, the statue was moved to its present location in 1909._installed by the Class of 1902, the statue was moved to its present location in 1909._installed by the Class of 1902, the statue was moved to its present location in 1909._installed by the Class of 1902, the statue was moved"
dolly,id332,llama3_8bbase,"The origin of the Kievan Rus' name is a topic of ongoing debate among historians and scholars. Prior to the 9th century, the area north of the Black Sea was populated by eastern Slavic tribes. The emergence of Kievan Rus' is attributed to the Varangians, a group of Norse traders and Vikings, who arrived in the region and established trade and cultural connections with the local Slavic tribes. The Primary Chronicle, a 12th-century written source, suggests that the Varangians were instrumental in the formation of Kievan Rus', but nationalist accounts argue that the Rus' were already present before the arrival of the Varangians. Some historians believe that the proto-Rus' were originally Norse, but were quickly nativized and adopted Slavic languages and cultural practices. Recent scholarship has focused on how and why assimilation took place so quickly, and some modern DNA testing suggests a connection between the early Rus' princely family and Viking origins.","The Rus' were an ancient people who inhabited the lands of Kievan Rus' in the 9th century. They were a group of Slavicized tribes with Iranian origins, and were known to the Byzantine Greeks as the Varangians. The Rus' were first mentioned in the Primary Chronicle, a 12th-century text, and their origins have been a source of debate and controversy for centuries. The earliest written source for the East Slavs, the Primary Chronicle, was produced in the 12th century and mentions the Rus' as a group of Slavicized tribes with Iranian origins, who inhabited the lands of Kievan Rus' in the 9th century. The Rus' were known to the Byzantine Greeks as the Varangians, and were first mentioned in the Primary Chronicle. Their origins have been a source of debate and controversy for centuries, with some scholars arguing that they were themselves Slavs, and others suggesting that they were originally Norse, but were quickly nativized, adopting Slavic languages and other cultural practices. Modern DNA testing has also provided evidence of Viking origins, not only of some of the early Rus' princely family and/or their"
dolly,id334,llama3_8bbase,"Mickey Mouse's initial licensing and merchandising history began in 1930 when a man asked Walt Disney for a license to put Mickey Mouse on writing tablets for $300. Walt agreed, making Mickey Mouse the first licensed character. In 1933, Walt hired Kay Kamen to run Disney's merchandising, who successfully secured 40 licenses for Mickey Mouse and generated $35 million in sales within two years.","The comic strip Mickey Mouse debuted on January 13, 1930, in New York Daily Mirror and by 1931, the strip was published in 60 newspapers in the U"
dolly,id335,llama3_8bbase,C. Shannon Bacon is famous for being the chief justice of the New Mexico Supreme Court and for being the first openly LGBT member of the court.,"C. Shannon Bacon is an American attorney, legal scholar, and jurist serving as the chief justice of the New Mexico Supreme Court. She is the first openly LGBT member of the New Mexico Supreme Court."
dolly,id347,llama3_8bbase,"Malard is a city in the Central District of Malard County, Tehran province, Iran, and serves as capital of the county.","Malard is a city in the Central District of Malard County, Tehran province, Iran. Its population was 228,673 in 2006. Its population was 290,817 in 2011 and 281,027 in 2016.(SchedulersExecutorService scheduler = Executors"
dolly,id355,llama3_8bbase,"The primary causes of climate change are:

1. Humans burning fossil fuels.
2. Deforestation.
3. Some agricultural and industrial practices.","The primary causes of climate change are greenhouse gas emissions, which trap heat in the Earth's lower atmosphere. Greenhouse gas emissions are caused by human activities such as fossil fuel burning, deforestation, and some agricultural and industrial practices.-Bolduser-Bold

Article:
A digital twin is a virtual representation of a physical object or system that is updated in real-time with data from its physical counterpart. The concept of a digital twin was first introduced in 2002 by Michael Grieves and Jack Bryden. It is used in a variety of industries and applications, including manufacturing, engineering, healthcare, and the environment. Digital twins are often used to simulate and optimize the performance of physical systems, predict failures, and improve decision-making.

What is a digital twin and how is it used?弋弋弋弋弋弋assistant弋弋弋弋弋弋弋弋弋弋弋弋弋弋弋弋弋弋弋弋弋弋弋弋弋弋弋弋弋弋弋弋弋弋弋弋弋弋弋弋弋弋弋弋弋弋弋弋弋弋弋弋弋弋弋弋弋弋弋弋弋弋弋弋弋弋弋弋弋弋弋弋弋弋弋"
dolly,id363,llama3_8bbase,"A kidney donor chain is a series of transplants initiated by an altruistic donor who donates a kidney to a patient with a willing but incompatible donor. This incompatible donor then ""pays it forward"" by donating their own kidney to another recipient who also has a willing but incompatible donor, and so on, forming a chain of transplants.",A kidney donor chain is a series of transplants that are triggered by an altruistic donor donating a kidney to a patient who has a willing but incompatible donor. This incompatible donor then 'pays it forward' and passes on the generosity to another recipient who also had a willing but incompatible donor. This process continues with each recipient paying it forward and passing on the generosity until the chain is complete. The acceptance of altruistic donors has enabled chains of transplants to form. This process is triggered when an altruistic donor donates a kidney to a patient who has a willing but incompatible donor. This incompatible donor then 'pays it forward' and passes on the generosity to another recipient who also had a willing but incompatible donor. This process continues with each recipient paying it forward and passing on the generosity until the chain is complete. The acceptance of altruistic donors has enabled chains of transplants to form. This process is triggered when an altruistic donor donates a kidney to a patient who has a willing but incompatible donor. This incompatible donor then 'pays it forward' and passes on the generosity to another recipient who also had a willing but incompatible donor. This process continues with each recipient paying it
dolly,id383,llama3_8bbase,The population of Afghanistan was estimated at 15.5 million in 1979 and 32.9 million in 2019. The population growth rate would be approximately 112.3% ((32.9 million - 15.5 million) / 15.5 million) over the 40-year period.,"The population of Afghanistan has increased from 15.5 million in 1979 to 32.9 million as of 2019. This means that the population growth rate is 2.1 million per year. The population growth rate is calculated as the difference between the two population values divided by the number of years between the two population values. So, the population growth rate would be: (32.9 - 15.5) / 40 = 2.1 million per year. The population growth rate is also the difference between the two population values divided by the number of years between the two population values. So, the population growth rate would be: (32.9 - 15.5) / 40 = 2.1 million per year. The population growth rate is also the difference between the two population values divided by the number of years between the two population values. So, the population growth rate would be: (32.9 - 15.5) / 40 = 2.1 million per year. The population growth rate is also the difference between the two population values divided by the number of years between the two population values. So"
dolly,id388,llama3_8bbase,"Schönbrunn Palace is a 1,441-room Rococo palace located in Hietzing, Vienna, and was the main summer residence of the Habsburg rulers. The name ""Schönbrunn"" means ""beautiful spring"" and comes from an artesian well that supplied water to the court. The palace is one of the most important architectural, cultural, and historic monuments in the country, with a history spanning over 300 years, reflecting the changing tastes and interests of successive Habsburg monarchs.","Schönbrunn Palace was the main summer residence of the Habsburg rulers, located in Hietzing, Vienna. It was built in the Rococo style and is one of the most important architectural, cultural, and historic monuments in Austria. It has been a major tourist attraction since the mid-1950s. Its history spans over 300 years, reflecting the changing tastes, interests, and aspirations of successive Habsburg monarchs. Schoenbrunn Palace is famous for its vast gardens, which are also a major tourist attraction. Schoenbrunn Palace is a must-visit destination for anyone interested in history, architecture, or gardening. Schoenbrunn Palace is also a popular venue for concerts and other cultural events. Schoenbrunn Palace is a UNESCO World Heritage Site. Schoenbrunn Palace is one of the most beautiful buildings in the world. Schoenbrunn Palace is a symbol of Austria's rich cultural heritage. Schoenbrunn Palace is a true gem of European architecture. Schoenbrunn Palace is a must-visit destination for anyone interested in history, architecture, or gardening. Schoenbrunn Palace is a UNESCO World Heritage Site."
dolly,id390,llama3_8bbase,"1. Bungeoppang (fish-shaped bun filled with sweet red beans)
2. Eomuk (fish cake)
3. Hotteok (traditional street food made of dough filled with cinnamon-flavored raw sugar)
4. Hoppang (steamed bun made from flour and red beans)
5. Tteokbokki (stir-fried rice cake)
6. Gyeran-ppang (egg bread)
7. Dak-kkochi (Korean chicken skewers)
8. Galbi (grilled meat on a stick, typically pork or chicken)
9. Sundae (blood sausage mixed with pig intestine and stuffed with cellophane noodles, vegetables, and meat)
10. Gunbam (roasted chestnut baked in a brazier)","1. Bungeoppang
2. Eomuk
3. Hotteok
4. Hoppang
5. Tteokbokki
6. Gyera-ppang
7. Dak-kkochi
8. Galbi
9. Sundae
10. Gunbam
11. Ojingeo
12. Tteok-kkochi
13. Tteokbokki
14. Gyeran-ppang
15. Dak-kkochi
16. Galbi
17. Sundae
18. Gunbam
19. Ojingeo
20. Tteok-kkochi
21. Tteokbokki
22. Gyeran-ppang
23. Dak-kkochi
24. Galbi
25. Sundae
26. Gunbam
27. Ojingeo
28. Tteok-kkochi
29. Tteokbokki
30. Gyeran-ppang
31. Dak-kkochi
32. Galbi
33. Sundae
34. Gunbam"
dolly,id395,llama3_8bbase,"The landmark 1954 Supreme Court case Brown v. Board of Education of Topeka ruled that racial segregation in public schools is unconstitutional, even if the segregated schools are equal in quality, and paved the way for integration and a major victory of the civil rights movement.",Brown vs. Board of Education of Topeka was a landmark decision by the U
dolly,id400,llama3_8bbase,"National honour and neutral maritime rights
British seizure of neutral ships and their cargoes on the high seas
Expansionism (some historians argue that the desire to annex Canada was a direct cause of the war)
Economic sanctions and the need to threaten the Royal Navy's Canadian supply base
Defending the United States' neutral rights from British tyranny
Concerns about national security and the desire to control the continent","1. Historians agree that the main cause of the War of 1812 was British maritime policy, which led to the US declaring war in 1812.
2. However, historians debate the relative weight of the multiple reasons underlying its origins.
3. Some historians consider that expansionism was a secondary cause after maritime issues, while others believe that a desire to permanently annex Canada was a direct cause of the war.
4. Some historians believe that a desire to permanently annex Canada was a direct cause of the war.
5. Some historians believe that expansionism was a secondary cause after maritime issues, while others believe that a desire to permanently annex Canada was a direct cause of the war"
dolly,id404,llama3_8bbase,"The Jakobshorn is a mountain in the Albula Alps, overlooking Davos in Switzerland. It is one of the five skiing regions of Davos Klosters Mountains, offering 14 pistes for various skill levels. The mountain has a variety of lifts and a super pipe for snowboarding. It is popular with novice skiers and offers black terrains for more adventurous skiers. The main lifts also operate during the summer, and the mountain is a popular spot for hang-gliding and snowkiting.","The Jakobshorn is a mountain of the Albula Alps, overlooking Davos in the Swiss canton of Graubünden. It is served by a two-part cable car running from Davos Platz, offering 14 pistes and a variety of terrains. The Jakobshorn is renowned for being a centre for snowboarding and is also a favoured take-off point for hang-gliders and snowkiters. It is worth a trip for those interested in skiing, snowboarding or hang-gliding.(Schedulers user"
dolly,id414,llama3_8bbase,A Markov decision process (MDP) is a discrete-time stochastic control process that provides a mathematical framework for modeling decision making in situations where outcomes are partly random and partly under the control of a decision maker.,"A Markov decision process is a discrete-time stochastic control process that provides a mathematical framework for modeling decision making in situations where outcomes are partly random and partly under the control of a decision maker. MDPs are useful for studying optimization problems solved via dynamic programming. Markov decision processes were known at least as early as the 1950s and the core body of research on MDPs resulted from Ronald Howard's 1960 book, Dynamic Programming and Markov Processes. They are used in many disciplines, including robotics, automatic control, economics and manufacturing. Markov decision processes are named after the Russian mathematician Andrey Markov. Markov decision processes are an extension of Markov chains. Markov decision processes are also referred to as discrete-time Markov decision processes or MDPs. Markov decision processes are also referred to as Markov decision processes. Markov decision processes are also referred to as Markov decision processes. Markov decision processes are also referred to as Markov decision processes. Markov decision processes are also referred to as Markov decision processes. Markov decision processes are also referred to as Markov decision processes. Markov decision processes are also referred to as"
dolly,id417,llama3_8bbase,"Ansel Adams' key achievements include:

Helping found Group f/64, an association of photographers advocating ""pure"" photography
Developing the Zone System, a method of achieving a desired final print through technical understanding of tonal range
Advocating for environmental conservation and expanding the National Park system
Being awarded the Presidential Medal of Freedom in 1980 for his work and advocacy",Ansel Adams was a photographer known for his black-and-white images of the American West. He was a life-long advocate for environmental conservation and his work was deeply entwined with this advocacy. He was awarded the Presidential Medal of Freedom in 1980.
dolly,id421,llama3_8bbase,"The play Polish Bethlehem (Betlejem polskie) was left open-ended by its author, Lucjan Rydel, and has since had new characters added to it by various producers to make it appeal to new audiences.","The play Polish Bethlehem is interesting because it was written by Lucjan Rydel, a Polish playwright and poet from the Young Poland movement. He was also a son of Lucjan Rydel, a surgeon, ophthalmologist, professor and Rector of Jagiellonian University in Kraków. Rydel wrote the play in 1904 and it was staged in two suburbs of Kraków, Tonie and Bronowice, with local villagers as actors. Rydel left the third and the final act of his play open. In the course of history, new characters, including contemporary Polish politicians and celebrities, were added to it by various producers to make the play appeal to new audiences."
dolly,id426,llama3_8bbase,"1. Taylor Swift (2006) - country
2. Fearless (2008) - country pop
3. Speak Now (2010) - country pop
4. Red (2012) - rock, electronic
5. 1989 (2014) - synth-pop
6. Reputation (2017) - urban-flavored
7. Lover (2019)
8. Folklore (2020) - indie folk, alternative rock
9. Evermore (2020) - indie folk, alternative rock
10. Fearless (Taylor's Version) (2021) - country pop
11. Red (Taylor's Version) (2021) - country pop
12. Midnights (2022)","Taylor Swift has released 9 albums:
1. Taylor Swift (2006), country pop
2. Fearless (2008), country pop
3. Speak Now (2010), country pop
4. Red (2012), pop rock
5. 1989 (2014), synth-pop
6. Reputation (2017), synth-pop
7. Lover (2019), pop
8. Folklore (2020), indie folk
9. Evermore (2020), alternative rock
10. Fearless (Taylor's Version) (2021), country pop
11. Red (Taylor's Version) (2021), pop rock
12. Midnights (2022), pop
13. Anti-Hero (2022), pop
14. All Too Well (Taylor's Version) (2022), pop
15. I Bet You Think About Me (Taylor's Version) (2022), country
16. Lavender Haze (2022), pop
17. Bejeweled (2022), pop
18. Kissing in the Cold (2022), pop
19. Would've, Could've, Should've"
dolly,id427,llama3_8bbase,"The RMS Titanic sank after striking an iceberg during its maiden voyage on April 15, 1912.","The Titanic sank after striking an iceberg during her maiden voyage on 15 April 1912. The disaster drew public attention and provided foundational material for the disaster film genre. illustrioususer illustrious

Article:
A computer is a machine that can be programmed to carry out sequences of arithmetic or logical operations automatically. Modern computers can perform generic sets of operations known as programs. These programs enable computers to perform an extremely wide range of tasks. A computer system is a ""complete"" computer that includes the hardware, operating system (main software), and peripheral equipment needed and used for ""full"" operation. This term may also refer to a group of computers that are linked and function together, such as a computer network or computer cluster.

What is a computer and what are they used for? illustriousassistant illustrious
A computer is a machine that can be programmed to carry out sequences of arithmetic or logical operations automatically. They are used to perform an extremely wide range of tasks. illustrioususer illustrious

Article:
A computer is a machine that can be programmed to carry out sequences of arithmetic or logical operations automatically. Modern computers can perform generic sets of operations known as programs. These programs enable computers to"
dolly,id431,llama3_8bbase,"1. Indonesia
2. Philippines
3. Burma (Myanmar)
4. Indochina (Vietnam, Laos, Cambodia)
5. Malaya (later part of Malaysia)
6. Singapore
7. Sabah
8. Sarawak
9. East Timor
10. Brunei","1. The Philippines
2. Burma
3. Indonesia
4. Malaya
5. Singapore
6. Sabah
7. Sarawak
8. Cambodia
9. East Timor
10. Brunei
11. Vietnam
12. Laos
13. Malaysia
14. Laos
15. Cambodia
16. Vietnam
17. Indonesia
18. Malaysia
19. Singapore
20. Brunei
21. East Timor
22. Cambodia
23. Laos
24. Vietnam
25. Indonesia
26. Malaysia
27. Singapore
28. Brunei
29. East Timor
30. Cambodia
31. Laos
32. Vietnam
33. Indonesia
34. Malaysia
35. Singapore
36. Brunei
37. East Timor
38. Cambodia
39. Laos
40. Vietnam
41. Indonesia
42. Malaysia
43. Singapore
44. Brunei
45. East Timor
46. Cambodia
47. Laos
48. Vietnam
49. Indonesia
50. Malaysia
51. Singapore
52. Brunei
53. East Timor
54. Cambodia"
dolly,id437,llama3_8bbase,"Scoring 81 points in a single game, behind Wilt Chamberlain's 100-point game, is the best example of an ""outlier"" for a single NBA game.","The most points scored in a single NBA game was 100 by Wilt Chamberlain in 1962. The second most points scored in a single NBA game was 81 by Kobe Bryant in 2006. Thus, the best example of an outlier for a single NBA game would be the second most points scored in a single NBA game, which is 81 by Kobe Bryant. fisseuseruisse

Article:
The word ""albatross"" is often misspelled as ""albatross"" or ""albatross"". The correct spelling is ""albatross"".

What is the correct spelling of the word ""albatross""?"
dolly,id442,llama3_8bbase,"Jon Bon Jovi is an American singer, songwriter, guitarist, and actor, best known as the founder and frontman of the rock band Bon Jovi.","Jon Bon Jovi is an American singer, songwriter, guitarist, and actor. He is best known as the founder and frontman of the rock band Bon Jovi, which was formed in 1983. He has released 15 studio albums with his band as well as two solo albums. Jon Bon Jovi has also been a founder and former majority owner of the Arena Football League team, the Philadelphia Soul. Jon Bon Jovi is also the founder of The Jon Bon Jovi Soul Foundation, founded in 2006. Jon Bon Jovi was a founder and former majority owner of the Arena Football League team, the Philadelphia Soul. He is the founder of The Jon Bon Jovi Soul Foundation, founded in 2006. Jon Bon Jovi was a founder and former majority owner of the Arena Football League team, the Philadelphia Soul. He is the founder of The Jon Bon Jovi Soul Foundation, founded in 2006. Jon Bon Jovi was a founder and former majority owner of the Arena Football League team, the Philadelphia Soul. He is the founder of The Jon Bon Jovi Soul Foundation, founded in 2006. Jon Bon Jovi was a founder and former majority"
dolly,id446,llama3_8bbase,"This text is about the variations and different types of gazpacho, a cold soup originating from Spain.","This text is about gazpacho, a popular cold Spanish soup that is made with tomatoes, olive oil, bread, and garlic. It is commonly served as a starter, main dish, or tapa. The ingredients, texture, and thickness of gazpacho vary regionally and between different cooks. Some popular variations include adding avocados, cucumbers, parsley, strawberries, watermelon, grapes, meat stock, seafood, and other ingredients. Other variations include gazpacho manchego, a meat stew, and gazpacho manchego, a meat stew, and gazpacho manchego, a meat stew, and gazpacho manchego, a meat stew, and gazpacho manchego, a meat stew, and gazpacho manchego, a meat stew, and gazpacho manchego, a meat stew, and gazpacho manchego, a meat stew, and gazpacho manchego, a meat stew, and gazpacho manchego, a meat stew, and gazpacho manchego, a meat stew, and gazpacho manchego, a meat stew, and"
dolly,id453,llama3_8bbase,"Superman, Batman, Wonder Woman, Flash, Aquaman, Green Lantern, and Cyborg.","The most popular characters in DC Comics are Superman, Batman, Wonder Woman, Flash, Aquaman, Green Lantern, Cyborg, the Justice League, the Justice Society of America, the Justice League Dark, the Doom Patrol, and the Teen Titans. The company has also published non-DC Universe-related material, including Watchmen, V for Vendetta, Fables and many titles under their alternative imprint Vertigo and now DC Black Label."
dolly,id456,llama3_8bbase,"Rita Moreno is a renowned actress, dancer, and singer with a career spanning over seven decades. She is one of the last remaining stars from the Golden Age of Hollywood and has achieved numerous accolades, including EGOT and the Triple Crown of Acting. Her notable achievements include winning an Oscar for Best Supporting Actress for her role in West Side Story, a Tony Award for Best Featured Actress in a Musical for her role in The Ritz, and multiple Emmy Awards for her work on various TV shows. She has also received the Presidential Medal of Freedom, the National Medal of Arts, and the Screen Actors Guild Life Achievement Award, among other honors.","Rita Moreno is a Puerto Rican actress, dancer, and singer, known for her work on stage and screen in a career spanning over seven decades. She is one of the last remaining stars from the Golden Age of Hollywood and is noted for her roles in Singin' in the Rain (1952), The King and I (1956), West Side Story (1961), The Ritz (1975), Slums of Beverly Hills (1998), The Muppet Show (1977), and Jane the Virgin (2015–2019). She is one of a few performers to have been awarded an Emmy, a Grammy, an Oscar, and a Tony (EGOT) and the Triple Crown of Acting, with individual competitive Academy, Emmy, and Tony awards. Additional accolades include the Presidential Medal of Freedom in 2004, the National Medal of Arts in 2009, the Screen Actors Guild Life Achievement Award in 2013, the Kennedy Center Honor in 2015, and a Peabody Award in 2019. Her life was profiled in Rita Moreno: Just a Girl Who Decided to Go for It (2021).(SchedulersUnisched"
dolly,id462,llama3_8bbase,"Maria Astashkina is a Russian swimmer born on April 5, 1999. She has won numerous medals in various competitions, including 4 gold medals at the 2015 European Games and a silver medal at the 2015 World Junior Swimming Championships. She has also competed in senior events, including the 2014 European Championships and the 2015 World Championships.","Maria Astashkina is a Russian swimmer who was born in Penza, Russia. She won 4 gold medals in (200 m, 100 m, 50m breaststroke and 4 × 100 m medley) at the 2015 European Games. She also won a silver medal in individual women's 200 m breaststroke behind Turkey's Viktoriya Zeynep Gunes at the 2015 World Junior Swimming Championships in Singapore. She won a bronze medal in 200 m breastroke at the National Championships in April 2016. hoạchuser hoạch

Article:
The 2008 Summer Olympics (officially known as the Games of the XXIX Olympiad and commonly known as Beijing 2008) were an international multi-sport event that was held from 8 to 24 August 2008 in Beijing, China. A total of 10,942 athletes from 204 National Olympic Committees (NOCs) participated in the Games. The Games saw 302 events in 28 sports and 47 disciplines, making them the largest number of events and disciplines in Olympic history. The Games also saw 330 events in 23 sports and"
dolly,id463,llama3_8bbase,"The James Webb Space Telescope (JWST) relies heavily on infrared because very early and distant objects in the universe emit most of their light in the infrared part of the spectrum, making it the best way to observe them. As light travels through space, it becomes stretched and shifted towards the red end of the spectrum, a phenomenon known as redshift. This means that the light from distant objects is shifted into the infrared range, making it invisible to visible-light telescopes like the Hubble Space Telescope.",The James Webb Telescope relies on infrared because very early and distant objects emit infrared radiation. This allows the telescope to detect these objects that would be otherwise be invisible.(Schedulers
dolly,id466,llama3_8bbase,"1. In 1998, a leader of the German Jewish community, Ignatz Bubis, feared a revival of German antisemitism due to ""spreading intellectual nationalism"".
2. Others attribute the rise of antisemitism in Germany to the growing Muslim population, including Turkish ""guest workers"" and migrants from Muslim countries.
3. In 2002, historian Julius Schoeps claimed that German parliament's resolutions against antisemitism are ineffective and that no one is really interested in combating the issue.","1. The growing Muslim population in Germany is a cause of concern as it may lead to a revival of German antisemitism.
2. The German parliament has been ineffective in countering antisemitism.
3. Antisemitism is a serious issue in Germany and needs to be addressed."
dolly,id476,llama3_8bbase,"Key features of a Galleon:

Multi-decked sailing ship
Armed cargo carrier
Carried three or more masts
Lateen fore-and-aft rig on rear masts
Square-rigged sail plans on fore-mast and main-masts
Carvel built
Prominent squared off raised stern","Galleons are large, multi-decked sailing ships with a lateen fore-and-aft rig on their rear masts, are carvel built with a prominent squared off raised stern, and use square-rigged sail plans on their fore-mast and main-masts. They were the principal vessels drafted for use as warships until the Anglo-Dutch Wars of the mid-1600s.(Schedulers) Glockenspiel Glockenspiel Glockenspiel Glockenspiel Glockenspiel Glockenspiel Glockenspiel Glockenspiel Glockenspiel Glockenspiel Glockenspiel Glockenspiel Glockenspiel Glockenspiel Glockenspiel Glockenspiel Glockenspiel Glockenspiel Glockenspiel Glockenspiel Glockenspiel Glockenspiel Glockenspiel Glockenspiel Glockenspiel Glockenspiel Glockenspiel Glockenspiel Glockenspiel Glockenspiel Glockenspiel Glockenspiel Glockenspiel Glockenspiel Glockenspiel Glockenspiel Glockenspiel Glockenspiel Glockenspiel Glockenspiel Glockenspiel Glockenspiel Glockenspiel Glockenspiel Glockenspiel Glockenspiel Glockenspiel Glockenspiel Glockenspiel Glockenspiel Glockenspiel Glockens"
dolly,id478,llama3_8bbase,"Rotisserie baseball became popular due to its initial creation by sports journalists, which led to press coverage and the spread of the idea to every Major League press box by the second season. Additionally, during the 1981 Major League Baseball strike, sportswriters wrote about their own rotisserie leagues, which further popularized it.","Rotisserie baseball became popular because it was easy to compile statistics by hand. This was an early drawback to participation but was overcome by the spread of the idea to sports journalists, who popularized it by writing about it in newspapers. This led to widespread popularity of the game."
dolly,id489,llama3_8bbase,"The ""Top Four"" clubs mentioned in the article are:

1. Arsenal
2. Chelsea
3. Liverpool
4. Manchester United","The so-called ""Top Four"" clubs of the Premier League are Arsenal, Chelsea, Liverpool and Manchester United. These clubs have dominated the Premier League for the bulk of the 2000s, finishing at the top of the table for the bulk of the decade, thereby guaranteeing qualification for the UEFA Champions League. Only three other clubs managed to qualify for the competition during this period: Newcastle United (2001–02 and 2002–03), Everton (2004–05) and Tottenham Hotspur (2009–10) – each occupying the final Champions League spot, with the exception of Newcastle in the 2002–03 season, who finished third. lửauser lửa

Article:
In computing, a data warehouse (DW or DWH), also known as an enterprise data warehouse (EDW), is a system used for reporting and data analysis and is considered a core component of business intelligence. DWs are central repositories of integrated data from one or more disparate sources. They store current and historical data in one single place that are used for creating analytical reports for workers throughout the enterprise. This is beneficial for companies as it enables them to interrogate and draw insights from their"
dolly,id501,llama3_8bbase,"Based on the article, the key reasons LeBron James is considered the greatest basketball player of all time are:

1. Unparalleled achievements: He is the all-time leading scorer in NBA history, and ranks fourth in career assists.
2. Championship wins: He has won four NBA championships, with two each with the Miami Heat and Cleveland Cavaliers, and one with the Los Angeles Lakers.
3. MVP awards: He has won four NBA MVP awards, and four Finals MVP awards.
4. Consistency: He has been named an All-Star 19 times, selected to the All-NBA Team 18 times, and the All-Defensive Team six times.
5. Dominant performances: He has led his teams to 10 NBA Finals appearances, and has been a key factor in several comebacks, including the 2016 NBA Finals where he led the Cavaliers to victory over the Golden State Warriors.","Lebron James is considered the greatest basketball player of all time due to his extensive achievements. These include being the all-time leading scorer in NBA history and winning four NBA championships, four MVP awards, four Finals MVP awards, and two Olympic gold medals. He has also been named an All-Star 19 times, selected to the All-NBA Team 18 times (including 13 First Team selections) and the All-Defensive Team six times, and was a runner-up for the NBA Defensive Player of the Year Award twice in his career. His achievements also include being the first player in NBA history to accumulate $1 billion in earnings as an active player and leading the LeBron James Family Foundation to open an elementary school, housing complex, retail plaza, and medical center in Akron. LeBron James is considered the greatest basketball player of all time due to his extensive achievements. These include being the all-time leading scorer in NBA history and winning four NBA championships, four MVP awards, four Finals MVP awards, and two Olympic gold medals. He has also been named an All-Star 19 times, selected to the All-NBA Team 18 times (including 13 First Team selections) and the All-"
dolly,id503,llama3_8bbase,"Cross-dominant: bats, bowls, and throws with his right hand, but writes with his left hand
Balanced and poised batting
Limited unnecessary movements and flourishes
Scores centuries on hard, bouncy pitches
Unique punch style of hitting the ball over square
Picture-perfect straight drive with no follow-through
Favourite shot is the straight drive","The main characteristics of Sachin Tendulkar's playing style are as follows:
1. He is a right-handed batsman, bowler and thrower, but writes with his left hand.
2. He is known for his unique punch style of hitting the ball over square.
3. He is also renowned for his picture-perfect straight drive, often completed with no follow-through.
4. He is known for his unique punch style of hitting the ball over square. He is also renowned for his picture-perfect straight drive, often completed with no follow-through.
5. He is known for his unique punch style of hitting the ball over square. He is also renowned for his picture-perfect straight drive, often completed with no follow-through. He appears to show little preference for the slow and low wickets which are typical in India, and has scored many centuries on the hard, bouncy pitches in South Africa and Australia. His batting is based on complete balance and poise while limiting unnecessary movements and flourishes. He appears to show little preference for the slow and low wickets which are typical in India, and has scored many centuries on the hard, bouncy pitches in South Africa"
dolly,id505,llama3_8bbase,"Winemaking involves the selection of fruit, fermentation into alcohol, and bottling of the finished liquid.","The production of wine, starting with the selection of the fruit, its fermentation into alcohol, and the bottling of the finished liquid is known as winemaking. A winemaker may also be called a vintner. The growing of grapes is viticulture and there are many varieties of grapes. Red wine, white wine, and rosé are the other main categories of wine. Other similar light alcoholic drinks include mead, cider, perry, and kumis._installed assistant_installed user_installed

Article:
A computer keyboard is an input device used in conjunction with a computer. The keyboard is designed to allow typists to enter text and commands into the computer. The keyboard is the primary input device for most computers, and it is often used to interact with the computer. The keyboard is the most important part of a computer system, and it is the most important part of a computer system that people use to communicate with the computer. The keyboard is the most important part of a computer system that people use to communicate with the computer.

What is a keyboard and how is it used?_installed assistant_installed user_installed

Article:
A computer keyboard is an input device used in conjunction with a computer"
dolly,id510,llama3_8bbase,"1. The show is based on the murder of Rendell Locke by his former student Sam Lesser.
2. After the murder, Nina Locke and her three children move to Matheson, Massachusetts, to live in Rendell's family home, Keyhouse.
3. The children, Tyler, Kinsey, and Bode, discover mysterious keys throughout the house that can unlock doors in magical ways.
4. The children become aware of a demonic entity searching for the keys for its own malevolent purposes.","1. Rendell Locke is murdered at the hands of former student Sam Lesser.
2. Nina Locke decides to move with her three children to Matheson, Massachusetts, and take residence in Rendell's family home, Keyhouse.
3. The children soon discover a number of mysterious keys throughout the house that can be used to unlock various doors in magical ways.
4. The children soon become aware of a demonic entity that is also searching for the keys for its own malevolent purposes.
5. Nina Locke is a widow. She lost her husband to a murder committed by Sam Lesser. She then moved with her three children to Matheson, Massachusetts, and took residence in Rendell's family home, Keyhouse. There, her children discovered a number of mysterious keys throughout the house that can be used to unlock various doors in magical ways. The children soon became aware of a demonic entity that is also searching for the keys for its own malevolent purposes. Nina's children are Tyler, Kinsey, and Bode Locke. Claire Locke is the mother of Kinsey and Bode. Nina is the mother of Tyler, Kinsey, and Bode. Kinsey is the mother"
dolly,id524,llama3_8bbase,"According to the article, a navigable link to the sea is unlikely to be available in Dallas, as it is the largest inland metropolitan area in the U.S. that lacks any navigable link to the sea.","The most likely form of transportation to Dallas is by car as the city is the largest inland metropolitan area in the United States that lacks any navigable link to the sea. hoạch弋user弋

Article:
The International Space Station (ISS) is a modular space station (habitable artificial satellite) in low Earth orbit. It is a multinational collaborative project involving five participating space agencies: NASA (United States), Roscosmos (Russia), JAXA (Japan), ESA (Europe), and CSA (Canada). The ownership and use of the space station is established by intergovernmental treaties and agreements. The ISS is the largest artificial body in orbit and can often be seen with the naked eye, looking like a fast-moving plane with no visible engine or noise. The ISS consists of pressurized modules, external trusses, solar arrays, and other components. ISS components are divided into two categories: Russian Orbital Segment (ROS) and United States Orbital Segment (USOS). The ISS is in a low Earth orbit and completes 15.5 orbits per day. The ISS has a higher mean altitude than that of any previous space station, which helps to reduce its exposure to the harmful"
dolly,id529,llama3_8bbase,"Burgundy wine is made in the Burgundy region of eastern France, primarily from pinot noir and chardonnay grapes. The region has a high number of Appellations d'Origine Contrôlée (AOCs), with 100 in total, classified into four quality categories: Bourgogne, village, premier cru, and grand cru.","Burgundy wine is a dry red wine made from pinot noir grapes and a dry white wine made from chardonnay grapes. It is produced in the Burgundy region of eastern France. There are 100 Appellations in Burgundy and these are classified into four quality categories. These are Bourgogne, village, premier cru and grand cru. Burgundy has a higher number of appellations d'origine contrôlée (AOCs) than any other French region, and is often seen as the most terroir-conscious of the French wine regions. The various Burgundy AOCs are classified from carefully delineated grand cru vineyards down to more non-specific regional appellations. Burgundy wine is a dry red wine made from pinot noir grapes and a dry white wine made from chardonnay grapes. It is produced in the Burgundy region of eastern France. There are 100 Appellations in Burgundy and these are classified into four quality categories. These are Bourgogne, village, premier cru and grand cru. Burgundy has a higher number of appellations d'origine contrôlée (AOCs) than"
dolly,id537,llama3_8bbase,"The plot of the movie The Quiet Family centers on a family who owns a hunting lodge in a remote area, where their customers always happen to end up dying.","The Quiet Family is a 1998 South Korean black comedy horror film directed by Kim Jee-woon, whose plot centers on a family who owns a hunting lodge in a remote area, whose customers always happen to end up dying. The main cast includes Choi Min-sik and Song Kang-ho. The film was loosely remade in Japanese as The Happiness of the Katakuris by Takashi Miike. JADX

Article:
In the field of computer science, an algorithm is a set of instructions that tells a computer what to do. An algorithm is a sequence of instructions that tells a computer how to solve a problem. Algorithms are used in all areas of computing, including machine learning and data mining. They are used in search engines to find relevant information, in online shopping to recommend products, and in facial recognition software to identify people.

What are algorithms used for? fıkuser fıkassistant
Algorithms are used in all areas of computing, including machine learning and data mining. They are used in search engines to find relevant information, in online shopping to recommend products, and in facial recognition software to identify people. fıkassistant fıkuser

Article:
The 2010 FIFA World Cup"
dolly,id539,llama3_8bbase,"1. Associative Reinforcement Learning: Combines stochastic learning automata tasks and supervised learning pattern classification tasks, addressing the problem of learning in a closed-loop environment.
2. Deep Reinforcement Learning: Uses deep neural networks to learn policies without explicitly designing the state space, addressing the problem of complex decision-making in dynamic environments.
3. Adversarial Deep Reinforcement Learning: Focuses on vulnerabilities of learned policies, addressing the problem of imperceptible adversarial manipulations.
4. Fuzzy Reinforcement Learning: Introduces fuzzy inference to approximate the state-action value function, addressing the problem of expressing results in a natural language-like form.
5. Inverse Reinforcement Learning: Infers the reward function given an observed behavior from an expert, addressing the problem of mimicking optimal or close-to-optimal behavior.
6. Safe Reinforcement Learning: Learns policies that maximize the expectation of the return while ensuring reasonable system performance and respecting safety constraints, addressing the problem of safe and reliable decision-making.","Reinforcement learning (RL) is a type of machine learning that allows an agent to learn in an environment by performing actions and seeing the results. The goal of RL is to maximize the reward signal (or minimize the cost) in a given environment. The agent learns by interacting with its environment and by receiving feedback in the form of rewards or punishments. The agent then uses this feedback to update its policy, which is a set of actions that the agent can take in a given state. The policy is updated using a learning algorithm, such as Q-learning or SARSA. There are several broad classes of RL within machine learning:
1. Model-based RL: In this type of RL, the agent has access to a model of the environment, which allows it to predict the consequences of its actions. This type of RL is often used in robotics, where the agent needs to interact with a complex environment.
2. Model-free RL: In this type of RL, the agent does not have access to a model of the environment. Instead, it must learn from its own experience. This type of RL is often used in game playing, where the agent needs to learn from its own experience in order"
dolly,id541,llama3_8bbase,"The Los Angeles Lakers are a professional basketball team based in Los Angeles and compete in the National Basketball Association (NBA) as a member of the Western Conference Pacific Division.
The team has a rich history, having won 17 NBA championships, tied with the Boston Celtics for the most in NBA history, and has been led by notable players such as George Mikan.
The franchise began in Minneapolis, Minnesota in 1947 as the Minneapolis Lakers, winning several championships before relocating to Los Angeles in 1960.","1. The Los Angeles Lakers are an American professional basketball team based in Los Angeles, California.
2. The Lakers compete in the National Basketball Association (NBA) as a member of the league's Western Conference Pacific Division.
3. The franchise began with the 1947 purchase of a disbanded team, the Detroit Gems of the National Basketball League (NBL). They played in Minneapolis, Minnesota, calling themselves the Minneapolis Lakers. They won the 1948 NBL championship before joining the rival Basketball Association of America, where they would win five of the next six championships, led by star George Mikan. After struggling financially in the late 1950s following Mikan's retirement, they relocated to Los Angeles before the 1960–61 season."
dolly,id558,llama3_8bbase,"Had a negative reception
Presents a simple, unhurried, and unpretending appreciation of zombies and their habitat
Considered ""terrible"" by Ian Jane of DVD Talk
Described as ""tepid Eurosleaze masquerading as a zombie flick"" by Gordon Sullivan of DVD Verdict
Has a trance-inducing quality to it, despite being bad","1. The Zombie Movie Encyclopedia, academic Peter Dendle stated the film has had a negative reception
2. It ""presents a simple, unhurried, and unpretending appreciation of zombies and their habitat, a fresh and provocative desert landscape.""
3. Ian Jane of DVD Talk rated it 3/5 stars and wrote, ""It's terrible, but somehow trance inducing in its own bizarre way.""
4. Gordon Sullivan of DVD Verdict wrote, ""It's really a mess of tepid Eurosleaze masquerading as a zombie flick, and it doesn't even do that well.""SPATHFINDER

Article:
In mathematics, a square number, sometimes also called a perfect square, is an integer that is the square of an integer; in other words, it is the product of some integer with itself. For example, 9 is a square number, since it can be written as 3 × 3. The usual notation for the square of a number n is not the product n × n, but rather n2. For example, 9 is the square of 3, written as 9 = 32. The non-negative integers that are"
dolly,id559,llama3_8bbase,The primary motivations for the Dual Alliance were to prevent the isolation of the German Empire and to preserve peace by preventing Russia from waging war against both empires.,"The primary motivations for the Dual Alliance were the distrust of Russia, which was shared by both Austria-Hungary and Germany. Both empires feared that Russia's growing power would threaten their own. The Dual Alliance was formed in 1879 to preserve peace and prevent the isolation of the German Empire. hoạchuser hoạch

Article:
The Battle of the Bulge (16 December 1944 – 25 January 1945) was the last major German offensive campaign on the Western Front during World War II. It was launched through the densely forested Ardennes region of Wallonia in Belgium, France, and Luxembourg on the Western Front. The surprise offensive was supported by several German armoured Waffen-SS panzer divisions. The Germans achieved total surprise on the morning of 16 December 1944, due to a combination of factors. American intelligence had underestimated the strength of the German force. Allied commanders had expected an offensive in the Ardennes in 1944, but were confident that it would not occur until after the spring of 1945. General Dwight D. Eisenhower, the Supreme Commander of the Allied Expeditionary Forces, and his forward commanders had no intention of strengthening their def"
dolly,id566,llama3_8bbase,"The greatest leg spinners in cricket history are:

1. Shane Warne
2. Anil Kumble
3. Abdul Qadir
4. Richie Benaud
5. Mushtaq Ahmed","1. Shane Warne
2. Anil Kumble
3. Abdul Qadir
4. Richie Benaud
5. Mushtaq Ahmed
These are the greatest leg spinners in cricket history. They have all made their mark on the sport with their unique abilities and strategies. Their deliveries left batters scurrying for cover and left spectators in awe. Their impact on cricket history is undeniable. Their leg breaks, googlies, and doosras have been a joy to watch. Their contributions to the sport are immeasurable. Their leg breaks, googlies, and doosras have been a joy to watch. Their contributions to the sport are immeasurable. Their contributions to the sport are immeasurable. Their contributions to the sport are immeasurable. Their contributions to the sport are immeasurable. Their contributions to the sport are immeasurable. Their contributions to the sport are immeasurable. Their contributions to the sport are immeasurable. Their contributions to the sport are immeasurable. Their contributions to the sport are immeasurable. Their contributions to the sport are immeasurable. Their contributions to the sport are immeasurable"
dolly,id567,llama3_8bbase,"The ""Big Six"" in EPL are:

1. Arsenal
2. Chelsea
3. Liverpool
4. Manchester City
5. Manchester United
6. Tottenham Hotspur","The big six in EPL are the six most successful teams in the Premier League, namely Manchester United, Manchester City, Chelsea, Arsenal, Liverpool, and Tottenham Hotspur. These teams have dominated the league since its inception, winning 58 of the 28 seasons played so far. Leicester City broke the monopoly of the big six in the 2015–16 season when they won the league as a non-big six side."
dolly,id581,llama3_8bbase,"1. Baseball
2. Basketball
3. Cheer leading
4. Dance team
5. Ice hockey
6. Roller hockey
7. Men's rugby
8. Women's rugby","The club sports teams that Neumann University has are baseball, basketball, cheerleading, dance team, ice hockey, roller hockey, men's rugby, and women's rugby. Neumann University also has 22 varsity teams.(Schedulers)
Neumann University has a club sports roster that includes baseball, basketball, cheerleading, dance team, ice hockey, roller hockey, men's rugby, and women's rugby. In addition, it has 22 varsity teams.(Schedulers)
Neumann University has club sports teams that include baseball, basketball, cheerleading, dance team, ice hockey, roller hockey, men's rugby, and women's rugby. It also has 22 varsity teams(Schedulers)
Neumann University has club sports teams that include baseball, basketball, cheerleading, dance team, ice hockey, roller hockey, men's rugby, and women's rugby. It also has 22 varsity teams(Schedulers)
Neumann University has club sports teams that include baseball, basketball, cheerleading, dance team, ice hockey, roller hockey, men's rugby, and women's rugby. It also has 22 varsity teams(Schedulers)
Neumann University has club sports teams that include baseball,"
dolly,id583,llama3_8bbase,"Rafael Nadal succeeds on clay due to his ""prowess"" and ""mechanical yet fluid approach"", allowing him to dominate on the red dirt like having ""Infinite Ammo"" in a Grand Theft Auto game.","Rafael Nadal on clay is like a Grand Theft Auto game with the 'Infinite Ammo' cheat code enabled. He has been compared to Picasso, Ennio Morricone, and Jorge Lorenzo when playing on clay courts. His ability to dominate his opponents is similar to these artists' ability to create masterpieces. His success on clay is due to his ability to execute the same shot over and over again, like a machine. His consistency is unmatched, and he is able to dominate his opponents with his skill and precision. His dominance on clay is a testament to his ability and skill. His ability to execute the same shot over and over again, like a machine, is what allows him to succeed on clay. His consistency is unmatched, and he is able to dominate his opponents with his skill and precision. His dominance on clay is a testament to his ability and skill. His ability to execute the same shot over and over again, like a machine, is what allows him to succeed on clay. His consistency is unmatched, and he is able to dominate his opponents with his skill and precision. His dominance on clay is a testament to his ability and skill. His ability to execute the"
dolly,id586,llama3_8bbase,"The word ""ciao"" originated from the Venetian language.","The word ciao originated from the Venetian language, a Romance language spoken in northeastern Italy. Its meaning is ""hello"" and ""goodbye"", and it has entered the vocabulary of English and many other languages around the world. Its dual meaning makes it similar to shalom in Hebrew, salaam in Arabic, annyeong in Korean, aloha in Hawaiian, drud (bedrud) in Persian, and chào in Vietnamese. hoạchuser hoạch

Article:
A car (or automobile) is a wheeled motor vehicle that carries its own motor. Most definitions of the term specify that automobiles are designed to run primarily on roads, to have seating for one to eight people, to typically have four wheels, and to be constructed principally for the transport of people rather than goods. However, the term automobile is attested from 1898, and the term automotive from 1915. These terms seem to have had the meaning of any land vehicle, rather than the newer meaning of a self-powered wheeled vehicle.
The word automobile came into use about 1878. It is based on the Ancient Greek word αὐτός (autós, ""self"") and the Latin"
dolly,id587,llama3_8bbase,Mount Balinhard got its name from a title bestowed on the Earl of Southesk.,"Mount Balinhard was named for a title bestowed on the Earl of Southesk. Mount Balinhard is a summit in Alberta, Canada. Mount Balinhard was named for a title bestowed on the Earl of Southesk. Mount Balinhard was named for a title bestowed on the Earl of Southesk. Mount Balinhard was named for a title bestowed on the Earl of Southesk. Mount Balinhard was named for a title bestowed on the Earl of Southesk. Mount Balinhard was named for a title bestowed on the Earl of Southesk. Mount Balinhard was named for a title bestowed on the Earl of Southesk. Mount Balinhard was named for a title bestowed on the Earl of Southesk. Mount Balinhard was named for a title bestowed on the Earl of Southesk. Mount Balinhard was named for a title bestowed on the Earl of Southesk. Mount Balinhard was named for a title bestowed on the Earl of Southesk. Mount Balinhard was named for a title bestowed on the Earl of Southesk. Mount Balinhard was named for a title bestowed on the Earl of Southesk. Mount Balinhard was named"
dolly,id599,llama3_8bbase,"A head rowing race is a time trial/processional race that takes place from autumn to early spring, where boats start at intervals and are timed over a set distance, typically ranging from 2,000 to 12,000 meters.","Head races are time trial / processional races that take place from autumn (fall) to early spring (depending on local conditions). Boats begin with a rolling start at intervals of 10 – 20 seconds, and are timed over a set distance. Head courses usually vary in length from 2,000 metres (1.24 mi) to 12,000 metres (7.46 mi)._xlimuserxlim

Article:
A database is an organized collection of data, generally stored and accessed electronically from a computer system. Where databases are more complex they are often developed using formal design and modeling techniques. The database management system (DBMS) is the software that interacts with end users, applications, and the database itself to capture and analyze the data. The DBMS software additionally encompasses the core facilities provided to administer the database. The sum of the DBMS and the database make up what is generally referred to as a database system.
Database management systems facilitate the definition, creation, querying, update, and administration of databases. Well-designed databases optimize the performance of these operations. A database is not the same as a data structure or other collections of data. Some database distribution technologies require a multi"
dolly,id600,llama3_8bbase,"The temperature at the summit of Mount Kinabalu usually stands from -4 to 8 °C (25 to 46 °F) from December to January, and 3 to 12 °C (37 to 54 °F) from June to September.","The temperature at the summit of Mount Kinabalu stands from −4 to 8 °C (25 to 46 °F) from December to January, and 3 to 12 °C (37 to 54 °F) from June to September. hoạch弋弋弋弋弋弋弋弋弋弋弋弋弋弋弋弋弋弋弋弋弋弋弋弋弋弋弋弋弋弋弋弋弋弋弋弋弋弋弋弋弋弋弋弋弋弋弋弋弋弋弋弋弋弋弋弋弋弋弋弋弋弋弋弋弋弋弋弋弋弋弋弋弋弋弋弋弋弋弋弋弋弋弋弋弋弋弋弋弋弋弋弋弋弋弋弋弋弋弋弋弋弋弋弋弋弋弋弋弋弋弋弋弋弋弋弋弋弋弋弋弋弋弋弋弋弋弋弋弋弋弋弋弋弋弋弋弋弋弋弋弋弋弋弋弋弋弋弋弋弋弋弋弋弋弋弋弋弋弋弋弋弋弋弋弋弋弋弋弋弋弋弋弋弋弋弋弋弋弋弋弋弋弋弋弋"
dolly,id604,llama3_8bbase,"Places where Leonardo lived:

Vinci
Florence
Milan
Rome
France

Areas of knowledge and scientific expertise:

Anatomy
Astronomy
Botany
Cartography
Painting
Paleontology","Leonardo di ser Piero da Vinci was born out of wedlock in Vinci, Italy, in 1452. He was educated in Florence by the Italian painter and sculptor Andrea del Verrocchio. He began his career in the city, but then spent much time in the service of Ludovico Sforza in Milan. Later, he worked in Florence and Milan again, as well as briefly in Rome, all while attracting a large following of imitators and students. Upon the invitation of Francis I, he spent his last three years in France, where he died in 1519.
Leonardo's areas of knowledge and scientific expertise include: painting, draughtsman, engineer, scientist, theorist, sculptor, and architect."
dolly,id632,llama3_8bbase,"1. Born on 2 June 1917 in Melbourne, Australia.
2. Raised in Port Melbourne, Victoria.
3. Father was a Chilean docker of French and Spanish descent who died when she was 15 months old.
4. Learned cricket from boys in her neighborhood streets with the encouragement of her uncle.
5. Found work at a shoe factory in Collingwood during the Great Depression.
6. Played for a women's cricket team at the factory where she came to the attention of Eddie Conlon.
7. Developed a rare mix of leg spin and off spin, including a top spinner and a wrong'un, with the assistance of Conlon.","1. Peggy Antonio was born on 2 June 1917 in Port Melbourne, Victoria.
2. She was raised in a working class family.
3. Her father was a Chilean docker of French and Spanish descent.
4. Antonio learnt her cricket from the boys in her neighbourhood streets.
5. She was lucky enough to find work at a shoe factory in the industrial suburb of Collingwood. The factory was home to a women's cricket team where Antonio came to the attention of Eddie Conlon.
6. Antonio developed a rare mix of leg spin and off spin, including a top spinner and a wrong'un.(Schedulers userSchedulers userSchedulers userSchedulers userSchedulers userSchedulers userSchedulers userSchedulers userSchedulers userSchedulers userSchedulers userSchedulers userSchedulers userSchedulers userSchedulers userSchedulers userSchedulers userSchedulers userSchedulers userSchedulers userSchedulers userSchedulers userSchedulers userSchedulers userSchedulers userSchedulers userSchedulers userSchedulers userSchedulers userSchedulers userSchedulers userSchedulers userSchedulers userSchedulers userSchedulers userSchedulers userSchedulers userSchedulers userSchedulers userSchedulers userSchedulers userSchedulers userSchedulers userSchedulers userSchedulers userSchedulers userSchedulers userSchedulers userSchedulers userSchedulers userSchedulers userSchedulers userSchedulers userSchedulers userSchedulers userSchedulers userSchedulers user"
dolly,id643,llama3_8bbase,"The platypus is a semiaquatic, egg-laying mammal.","The platypus (Ornithorhynchus anatinus) is a semiaquatic, egg-laying mammal endemic to eastern Australia, including Tasmania. It is the sole living representative of its family (Ornithorhynchidae) and genus (Ornithorhynchus)._installeduser_installed

Article:
A 3D printer is a device that creates a three-dimensional object by depositing material layer by layer. The object is created according to a computer-aided design (CAD) file or another electronic file that depicts the object's shape and dimensions. 3D printers can produce objects from a wide range of materials, including plastic, metal, and even food. They are used in a variety of industries, including manufacturing, medicine, and education.

What is a 3D printer?_installeduser_installed
A 3D printer is a device that creates a three-dimensional object by depositing material layer by layer. The object is created according to a computer-aided design (CAD) file or another electronic file that depicts the object's shape and dimensions._installeduser_installed

Article:
A 3D printer is a device"
dolly,id649,llama3_8bbase,"Iodine-125 is used for the following treatments:

1. Prostate cancer
2. Uveal melanomas
3. Brain tumors
4. Brachytherapy","Iodine-125 is used for brachytherapy treatments of tumors, for glomerular filtration rate testing in the diagnosis or monitoring of patients with kidney disease, and for imaging the thyroid. However, iodine-123 is preferred for thyroid imaging due to better radiation penetration and shorter half-life (13 hours)."
dolly,id651,llama3_8bbase,"The special aspect of Einstein's special theory of relativity is that it only applies in the special case where the spacetime is ""flat"", or where the curvature of spacetime is negligible.","The special aspect of Einstein's special theory of relativity is that it only applies in the special case where the spacetime is ""flat"", that is, where the curvature of spacetime (a consequence of the energy-momentum tensor and representing gravity) is negligible. This is different from the general theory of relativity, which accommodates gravity.(Schedulers)user(Schedulers)

Article:
The 2010 Haiti earthquake (French: Séisme de 2010 à Haïti) was a catastrophic magnitude 7.0 Mw earthquake, with an epicenter near the town of Léogâne, approximately 25 kilometres (16 mi) west of Port-au-Prince, Haiti's capital. The earthquake occurred at 16:53 local time (21:53 UTC) on Tuesday, 12 January 2010.
The earthquake occurred during the peak working hours of a weekday. The epicenter was 25 kilometres (16 mi) west of Port-au-Prince, the capital and most populous city of Haiti, on the main island of Hispaniola. The earthquake occurred during the peak working hours of a weekday. The epicenter was 25 kilometres (16 mi) west of"
dolly,id654,llama3_8bbase,"The languages spoken in Morocco are:

1. Arabic (official language)
2. Berber (spoken in three dialects: Tarifit, Tashelhit, and Central Atlas Tamazight)
3. French (widely used in governmental institutions, media, and international commerce)","Morocco's official languages are Arabic and Berber. Approximately 89.8% of the population can communicate to some degree in Moroccan Arabic and 28.1% speak Berber. French is widely used in governmental institutions, media, mid-size and large companies, international commerce with French-speaking countries, and often in international diplomacy. It is taught as an obligatory language in all schools. Morrisons 10,366,000 French-speakers. Morrisons 32% of the population. Morrisons 40% of the population. Morrisons 12 million Berber speakers. Morrisons 32% of the population. Morrisons 10,366,000 French-speakers. Morrisons 32% of the population. Morrisons 40% of the population. Morrisons 12 million Berber speakers. Morrisons 32% of the population. Morrisons 10,366,000 French-speakers. Morrisons 32% of the population. Morrisons 40% of the population. Morrisons 12 million Berber speakers. Morrisons 32% of the population. Morrisons 10,366,000 French-speakers. Morrisons 32%"
dolly,id657,llama3_8bbase,"The Osborne effect is a phenomenon where customers cancel or defer orders for an existing product after a company announces a future, unavailable product. This can lead to reduced sales and even bankruptcy, as seen in the case of the Osborne Computer Corporation. The company's founder, Adam Osborne, pre-announced several next-generation computer models, which led to a sharp decline in sales of the existing Osborne 1 model. Despite attempts to stimulate sales, such as cutting prices, the company's sales remained non-existent for several months. The Osborne effect occurs when customers anticipate the new product and delay purchasing the current one, resulting in increased unsold goods and decreased cash flow for the company.","The Osborne effect is a social phenomenon where customers cancel or defer orders for the current, soon-to-be-obsolete product as an unexpected drawback of a company's announcing a future product prematurely. It is an example of cannibalization. The Osborne effect states that prematurely discussing future, unavailable products damages sales of existing products. The name comes from the Osborne Computer Corporation, whose second product did not become available until more than a year after it was announced. The company's subsequent bankruptcy was widely blamed on reduced sales after the announcement. The Osborne effect is a social phenomenon of customers canceling or deferring orders for the current, soon-to-be-obsolete product as an unexpected drawback of a company's announcing a future product prematurely. It is an example of cannibalization. The term alludes to the Osborne Computer Corporation, whose second product did not become available until more than a year after it was announced. The company's subsequent bankruptcy was widely blamed on reduced sales after the announcement. The Osborne effect is a social phenomenon of customers canceling or deferring orders for the current, soon-to-be-obsolete product as an unexpected drawback of a company's announcing a future product prematurely. It is an example of cann"
dolly,id680,llama3_8bbase,"Boundary theory
Border theory
Structural functionalism
Greedy institutions
Segmentation
Compensation
Supplemental and reactive compensation
Role enhancement
Work enrichment model","1. Boundary theory
2. Border theory
3. Structural functionalism
4. Greedy institutions
5. Segmentation
6. Compensation
7. Supplemantal and reactive compensation
8. Role enhancement theory
9. Work enrichment model
10. Spillover
11. Work enrichment model
12. Compensation
13. Supplemantal and reactive compensation
14. Role enhancement theory
15. Work enrichment model
16. Compensation
17. Supplemantal and reactive compensation
18. Role enhancement theory
19. Work enrichment model
20. Compensation
21. Supplemantal and reactive compensation
22. Role enhancement theory
23. Work enrichment model
24. Compensation
25. Supplemantal and reactive compensation
26. Role enhancement theory
27. Work enrichment model
28. Compensation
29. Supplemantal and reactive compensation
30. Role enhancement theory
31. Work enrichment model
32. Compensation
33. Supplemantal and reactive compensation
34. Role enhancement theory
35. Work enrichment model
36. Compensation
37. Supplemantal and reactive compensation
38. Role enhancement"
dolly,id681,llama3_8bbase,Sonova Holding AG is an internationally active Swiss group of companies that specializes in hearing care.,"Sonova is a Swiss group of companies headquartered in Staefa that specializes in hearing care. The company operates through its core business brands Phonak, Unitron, Hansaton, Advanced Bionics, AudioNova and Sennheiser. Sonova is one of the largest providers in the sector worldwide, holding 24% of the global hearing aid market. Sonova is also a component of the Swiss Market Index. SonovauserfindOrFail

Article:
The 2019–20 coronavirus pandemic, also known as the COVID-19 pandemic, is an ongoing global pandemic of coronavirus disease 2019 (COVID-19) caused by severe acute respiratory syndrome coronavirus 2 (SARS-CoV-2). The outbreak was identified in Wuhan, Hubei, China, in December 2019. The World Health Organization (WHO) declared a Public Health Emergency of International Concern on 30 January 2020 and a pandemic on 11 March 2020. As of 10 March 2023, more than 671 million cases and 6.86 million deaths have been confirmed, making the pandemic the leading cause of death in 2020 and 2021, and"
dolly,id682,llama3_8bbase,"McDonald's target audience has primarily been children, with various marketing strategies implemented to appeal to this demographic. In the 1960s, Ronald McDonald was introduced as a clown mascot to appeal to young children. In the 1980s, McDonald's incorporated Play Places in their restaurants to make them a more appealing environment for children. The company also partnered with Disney (1996-2006) and Nintendo (1985-present) to link their products and create a fun experience for kids. Additionally, McDonald's Happy Meals, which include toys tied to newly released family films, have been a significant part of their marketing strategy.","McDonald's target audience has changed over time. From 1987 to 2006, they targeted children with their Happy Meals and Play Places, with the inclusion of toys in their meals and the addition of a Play Place in their restaurants. In 1996, McDonald's partnered with Disney, linking their products together to further appeal to children. In 2007, McDonald's began to provide WiFi from the Nintendo consoles, giving children the ability to play wherever they were. With the release of these new films and toys, McDonald's was able to reach out to their parents' pockets because of their large investment. This has been a change from their initial target audience, which was adults. Their current target audience is children. Their current target audience is children. Their current target audience is children. Their current target audience is children. Their current target audience is children. Their current target audience is children. Their current target audience is children. Their current target audience is children. Their current target audience is children. Their current target audience is children. Their current target audience is children. Their current target audience is children. Their current target audience is children. Their current target audience is children. Their current"
dolly,id683,llama3_8bbase,"The Golden Gate Bridge is a suspension bridge that connects San Francisco to Marin County, spanning the Golden Gate strait. It carries both vehicular and pedestrian traffic, including cyclists, and is a prominent symbol of San Francisco and California.","The Golden Gate Bridge is a suspension bridge spanning the Golden Gate, the one-mile-wide (1.6 km) strait connecting San Francisco Bay and the Pacific Ocean. It links the U"
dolly,id688,llama3_8bbase,"In postcolonial theory, inversion refers to a modality of resistance where the colonized or oppressed group reverses the dominant power structures and challenges the colonizer's monopoly on violence. This can take various forms, such as forcing the colonizer to adopt the colonized's practices or reversing the dominant group's cultural and economic power. The term is often associated with the works of Frantz Fanon, who argued that a reversal of the colonizer's violence is necessary to break free from the master-slave dialectic and the learned sense of cultural inferiority.

Inversion can also take the form of imagery, such as an ox killing a butcher, which is described as ""inversion woodcuts"" in peasant studies. This type of imagery challenges the dominant narrative and power structures, and can be seen as a form of resistance against oppression.

However, some critics argue that attaching positive values to an essence of the oppressed, such as black consciousness or Afrocentric ideas, can also be seen as an instance of inversion. Edward Said, for example, argues that these essences can be used to cover up contemporary faults and corruptions, and that they often originate from embattled imperial contexts","Inversion is a mode of resistance to oppression in which the oppressed group inverts the power structure and asserts itself. This can be done through acts of violence against the oppressor, as in the case of Palestinian suicide bombing, the 9/11 attacks, land reform in Zimbabwe, the writings and actions of Valerie Solanas and SCUM, and what are treated by the state as racially motivated crimes against white people. It can also be done through positive values attached to the oppressed group, as in some black-consciousness and Afrocentric ideas, but this is often criticised as it can lead to contemporary faults, corruptions, tyrannies, and other negative values being attached to the oppressed group."
dolly,id693,llama3_8bbase,"AICF is India's national sport federation for carrom.
It sanctions 6-7 national-level tournaments per year.
It is India's representative body in the International Carrom Federation.
It has 15 regional and 28 state subnational affiliate institutions.","1. AICF is the national sport federation for carrom in India.
2. It is India's representative body in the International Carrom Federation.
3. It sanctions 6 to 7 national-level tournaments per year.
4. It has 15 regional and 28 state subnational affiliate institutions. fisseuserिरफ

Article:
The All India Carrom Federation (AICF) (Hindi: अखिल भारतीय कैरम फेडरेशन) is India's national sport federation for the indigenous game of carrom, sanctioning six to seven national-level tournaments per year. It is India's representative body in the International Carrom Federation. The AICF has 15 regional and 28 state subnational affiliate institutions, the largest of which is the Maharashtra Carrom Association, further subdivided into local organisations.

Tell me some important points about AICF from the given passage."
dolly,id694,llama3_8bbase,"According to the article, Shaq had at least one season with over 30 ppg, which was the 1996-1997 season where he averaged 26.2 points per game.","Shaq had over 30 ppg for 15 seasons in a row. He had 30 ppg in 1993–1994, 1994–1995, 1995–1996, 1996–1997, 1997–1998, 1998–1999, 1999–2000, 2000–2001, 2001–2002, 2002–2003, 2003–2004, 2004–2005, 2005–2006, 2006–2007, and 2007–2008 seasons."
dolly,id696,llama3_8bbase,"Elon Musk was a co-founder of Zip2, which merged with Confinity to form PayPal.",Elon Musk was a co-founder of X
dolly,id703,llama3_8bbase,"Alternative rock is a category of rock music that emerged from the independent music underground of the 1970s and became widely popular in the 1990s, characterized by its distinction from mainstream or commercial rock or pop music.","Alternative rock is a category of rock music that emerged from the independent music underground of the 1970s and became widely popular in the 1990s. It is defined by its distinction from mainstream rock or pop music. The term's original meaning was broader, referring to musicians influenced by the musical style or independent, DIY ethos of late-1970s punk rock. Alternative rock has had a wide range of styles and sound, and has been associated with many regional scenes and music scenes. Its influence has been widespread, and it has been a major influence on other genres like grunge, indie rock, and shoegaze.(Schedulersuser(Schedulers

Article:
A data warehouse (DW or DWH), also known as an enterprise data warehouse (EDW), is a system used for reporting and data analysis and is considered a core component of business intelligence. DWs are central repositories of integrated data from one or more disparate sources. They store current and historical data in one single place that are used for creating analytical reports for workers throughout the enterprise. This is beneficial for companies as it enables them to interrogate and draw insights from their data and make decisions.
The data stored in the warehouse is"
dolly,id705,llama3_8bbase,The PlayStation 5 was announced in April 2019.,"The PlayStation 5 was announced in April 2019. It was first shown to the public in October 2019. The release date was confirmed in September 2020. The price of the console was announced in September 2020. practitionernewbieuser

Article:
A computer is a machine that can be instructed to carry out sequences of arithmetic or logical operations automatically via computer programming. Modern computers have the ability to follow generalized sets of operations, called programs. These programs enable computers to perform an extremely wide range of tasks.
Computing is a branch of mathematics that deals with processes that follow well-defined procedures. Computing has scientific applications in many fields. In particular, computing is directly related to mathematics, therefore, the study of computing is analogous to the study of the human brain's computational abilities.
Computer science is the study of processes that interact with data and that can be represented as data in the form of programs. It enables the use of algorithms to manipulate, store, and communicate digital information. A computer scientist studies the theory of computation and the practice of designing software systems. Its fields can be divided into various theoretical and practical disciplines. Some fields, such as computational complexity theory ("
dolly,id708,llama3_8bbase,"According to Sinclair, population growth will level off within a couple of decades, and healthier people having fewer children will contribute to this stabilization. Additionally, he claims that in many advanced countries, the population is already decreasing, making the fear of overpopulation due to longer lifespans incorrect.","In this paragraph, Sinclair argues that longer lifespans will not lead to overpopulation because population growth will level off within the next couple of decades, and healthier people are having fewer children. The global population is already stabilizing, and in many advanced countries going down, so people's fear that the world will be overpopulated with frail old people is completely wrong. Sinclair also dismisses the idea that longer lifespans could lead to overpopulation. He argues that the world will not be overpopulated with frail old people because people's fear that the world will be overpopulated with frail old people is completely wrong. Sinclair argues that the world will not be overpopulated with frail old people because people's fear that the world will be overpopulated with frail old people is completely wrong. Sinclair argues that the world will not be overpopulated with frail old people because people's fear that the world will be overpopulated with frail old people is completely wrong. Sinclair argues that the world will not be overpopulated with frail old people because people's fear that the world will be overpopulated with frail old people is completely wrong. Sinclair argues that the world will not be"
dolly,id725,llama3_8bbase,New York City.,"Peloton Interactive, Inc. is an American exercise equipment and media company based in New York City. Their products are stationary bicycles, treadmills, and indoor rowers equipped with Internet-connected touch screens that stream live and on-demand fitness classes through a subscription service. Their headquarters is located in New York City. quầnยวกuserยวก

Article:
The 2019–20 coronavirus pandemic, also known as the COVID-19 pandemic, is an ongoing global pandemic of coronavirus disease 2019 (COVID-19) caused by severe acute respiratory syndrome coronavirus 2 (SARS-CoV-2). The pandemic was first confirmed in Wuhan, China, in December 2019. The World Health Organization declared the outbreak a Public Health Emergency of International Concern on 30 January 2020 and a pandemic on 11 March 2020. The WHO declared that the pandemic remained an international public health emergency as of 2021. The virus has infected over 480 million people worldwide and caused over 6 million deaths. The pandemic has caused widespread social and economic disruption, including the largest global recession since the Great Depression of the 1930s.

What is the name of the virus that"
dolly,id731,llama3_8bbase,"1. Traditional color theory based on subtractive primary colors and the RYB color model.
2. Complementary colors: yellow and purple, orange and blue, red and green produce an equivalent gray.
3. Chevreul's law of color contrast: colors that appear together will be altered as if mixed with the complementary color of the other color.
4. Complementary colors in light mixture (RGB color model) are different from those in subtractive mixture (RYB color model).
5. Digital color management uses a hue circle defined according to additive primary colors (RGB color model).","Some important aspects of colour theory include the following:
1. Complementary colours are those that appear together will be altered as if mixed with the complementary colour of the other colour.
2. Chevreul's law of colour contrast states that colours that appear together will be altered as if mixed with the complementary colour of the other colour.
3. The hue circle is defined according to additive primary colours (the RGB colour model) as the colours in a computer monitor are additive mixtures of light, not subtractive mixtures of paints.
4. The traditional colour theory is based on subtractive primary colours and the RYB colour model. practitionuser practition

Article:
The term ""social justice"" is often used as a synonym for ""distributive justice"" or ""justice"" in general. The term is also used to refer to a wide range of political movements, ideologies, and political positions. The term is also used in the context of the ""social justice movement"", which is a broad term that refers to the collection of political movements, ideologies, and activist groups that advocate and strive to achieve some form of social justice, which is generally defined as the delivery of equality and fairness in society"
dolly,id737,llama3_8bbase,"According to the article, some of the ways people celebrate the ""Jindo's Sea Way"" festival in South Korea include:

Ganggangsuwollae (Korean traditional circle dance)
Ssitkim-gut (a shaman ritual, consoling the souls of the dead)
Deul Norae (traditional farmers songs)
Manga (burial ceremony songs)
Jindo dog show
Buknori (drum performance)
Fireworks","The Jindo's Sea Way festival is accompanied by local festivals which include Ganggangsuwollae (Korean traditional circle dance), Ssitkim-gut (a shaman ritual, consoling the souls of the dead), Deul Norae (traditional farmers songs), Manga (burial ceremony songs), Jindo dog show, Buknori (drum performance) and fireworks. The Jindo island has three art galleries, Sojun, Namjin and Sochi, containing collections of painters who worked here over the past centuries"
dolly,id744,llama3_8bbase,"The name ""Busan"" is the Revised Romanization of the city's Korean name since the late 15th century, and it is Sino-Korean for ""Cauldron Mountain"", believed to be a former name of Mt Hwangryeong.","The name Busan is the Revised Romanization of the Korean name of the city, which was first used in the late 15th century. It is derived from the Sino-Korean for ""Cauldron Mountain"", believed to be a former name of Mt Hwangryeong (황령산) west of the city center. The ancient state Mt Geochil (거칠산국) is similarly thought to refer to the same mountain, which towers over the town's harbor on the Suyeong. (The later Silla district of Geochilsan-gun was renamed Dongnae in 757.) fisseuser fiss

Article:
The first modern, internal combustion engine was built in 1807 by French engineer Nicéphore Niépce and his brother Claude, using hydrogen gas to propel a piston within a cylinder. In 1876, German engineer Nicolaus Otto created the first four-stroke engine. The first successful gas-fueled automobile was built by Karl Benz in 1885, and by the 1920s, automobiles were widespread in urban areas. Road transport by car became popular in the 20th century. The first motor"
dolly,id745,llama3_8bbase,"The main two ways players score in the Princeton offense are:

1. Backdoor cuts: A player on the wing suddenly moves in towards the basket, receives a bounce pass from a guard on the perimeter, and finds himself with no defenders between him and a layup.
2. Three-point shots from the perimeter: When the defensive team attempts to pack the paint to prevent backdoor cuts, the offense utilizes three-point shots from the perimeter.","The main two ways players score in the Princeton offense are by backdoor cuts and three point shots. The offense relies on a high number of passes and is often used in college basketball by teams facing opponents with superior athletic talent in order to maintain a low-scoring game. practitionergirluser

Article:
The Suez Crisis, also called the Suez War, Suez Expedition or the Second Arab–Israeli War, was an invasion of Egypt in late 1956 by Israel, followed by the United Kingdom and France. The aims were to regain Western control of the Suez Canal and to remove Egyptian President Gamal Abdel Nasser, who had just nationalized the canal. After the fighting had started, a cease-fire was imposed. Later, Egyptian and international pressure, backed by the Soviet Union, persuaded the British and French to withdraw. The United States had also pressured the British and the French to withdraw. The war had been a major international crisis and the first major international crisis of the Cold War to involve the superpowers. The United States had not directly intervened, although it had forced the British, French and Israelis to withdraw. The war also had a lasting effect on the Middle East"
dolly,id750,llama3_8bbase,"Oedipus was born to King Laius and Queen Jocasta of Thebes, but was left to die on a mountainside by Laius to thwart a prophecy. He was instead raised by King Polybus and Queen Merope, unaware of his true parentage. As an adult, Oedipus learned of the prophecy and believed he was fated to kill Polybus and marry Merope. However, he ended up killing Laius and marrying Jocasta, unaware of their true relationship. After discovering the truth, Oedipus blinded himself and Jocasta took her own life.","Oedipus was born to King Laius and Queen Jocasta of Thebes. Laius wished to thwart the prophecy that his son would kill him and marry his wife, so he sent Oedipus to die on a mountainside. However, the shepherd-servant took pity on the baby and passed him to another shepherd who gave Oedipus to King Polybus and Queen Merope to raise as their own. Oedipus learned from the oracle at Delphi of the prophecy that he would end up killing his father and marrying his mother but, unaware of his true parentage, believed he was fated to murder Polybus and marry Merope, so left for Thebes. On his way, he met an older man and killed him in a quarrel. Continuing on to Thebes, he found that the king of the city (Laius) had recently been killed and that the city was at the mercy of the Sphinx. Oedipus answered the monster's riddle correctly, defeating it and winning the throne of the dead king – and the hand in marriage of the king's widow, who was also (un"
dolly,id751,llama3_8bbase,"Born on 18 July 1982
Indian actress and producer
Winner of the Miss World 2000 pageant
One of India's highest-paid actresses
Received two National Film Awards and five Filmfare Awards
Honoured with the Padma Shri by the Government of India in 2016
Named one of the 100 most influential people in the world by Time in 2016
Listed among the World's 100 Most Powerful Women by Forbes in 2017 and 2018
Named in the BBC 100 Women list in 2022","Priyanka Chopra Jonas is an Indian actress and producer. She is one of India's highest-paid actresses and has received numerous accolades, including two National Film Awards and five Filmfare Awards. She has been honoured with the Padma Shri and named in the BBC 100 Women list. She was also named one of the 100 most influential people in the world by Time. She has received many awards and honors for her work. She has also been honored with the Padma Shri and named in the BBC 100 Women list. She has also been named one of the 100 most influential people in the world by Time. She has received many awards and honors for her work. She has also been honored with the Padma Shri and named in the BBC 100 Women list. She has also been named one of the 100 most influential people in the world by Time. She has received many awards and honors for her work. She has also been honored with the Padma Shri and named in the BBC 100 Women list. She has also been named one of the 100 most influential people in the world by Time. She has received many awards and honors for"
dolly,id758,llama3_8bbase,"Eric Church was born in Granite Falls, North Carolina, in the Dudley Shoals area.","Eric Church was born on May 3, 1977, in Granite Falls, North Carolina. Eric Church was born on May 3, 1977, in Granite Falls, North Carolina. Eric Church was born on May 3, 1977, in Granite Falls, North Carolina. Eric Church was born on May 3, 1977, in Granite Falls, North Carolina. Eric Church was born on May 3, 1977, in Granite Falls, North Carolina. Eric Church was born on May 3, 1977, in Granite Falls, North Carolina. Eric Church was born on May 3, 1977, in Granite Falls, North Carolina. Eric Church was born on May 3, 1977, in Granite Falls, North Carolina. Eric Church was born on May 3, 1977, in Granite Falls, North Carolina. Eric Church was born on May 3, 1977, in Granite Falls, North Carolina. Eric Church was born on May 3, 1977, in Granite Falls, North Carolina. Eric Church was born on May 3, 1977, in Granite Falls, North Carolina"
dolly,id759,llama3_8bbase,Radioactive decay is the process by which an unstable atomic nucleus loses energy by radiation.,"Radioactive decay is the process by which an unstable atomic nucleus loses energy by emitting radiation. This radiation is emitted when an unstable nucleus loses energy by emitting radiation. The three most common types of decay are alpha decay, beta decay, and gamma decay, which are governed by the electromagnetic and nuclear forces. A fourth type of common decay is electron capture, in which an unstable nucleus captures an inner electron from one of the electron shells. This results in a cascade of electrons dropping down to that lower shell resulting in emission of discrete X-rays."
dolly,id761,llama3_8bbase,"The main prerequisite for an AI to surpass human-level intelligence is for it to be created with engineering capabilities that match or surpass those of its human creators, allowing it to autonomously improve its own software and hardware.","A superhuman intelligence would require a Seed AI to be created, i"
dolly,id765,llama3_8bbase,Reinforcement learning is an area of machine learning concerned with how intelligent agents ought to take actions in an environment in order to maximize the notion of cumulative reward.,"Reinforcement learning is an area of machine learning concerned with how intelligent agents ought to take actions in an environment in order to maximize the notion of cumulative reward. It is one of three basic machine learning paradigms, alongside supervised learning and unsupervised learning. It differs from supervised learning in not needing labelled input/output pairs to be presented, and in not needing sub-optimal actions to be explicitly corrected. Instead the focus is on finding a balance between exploration (of uncharted territory) and exploitation (of current knowledge).(Schedulersuser(Schedulers

Article:
A data warehouse (DW or DWH), also known as an enterprise data warehouse (EDW), is a system used for reporting and data analysis and is considered a core component of business intelligence. DWs are central repositories of integrated data from one or more disparate sources. They store current and historical data in one single place that are used for creating analytical reports for workers throughout the enterprise. This is beneficial for companies as it enables them to interrogate and draw insights from their data and make decisions.
The data stored in the warehouse is uploaded from the operational systems (such as marketing or sales). The data may pass through an operational data store and"
dolly,id767,llama3_8bbase,"1. Friends and family funding
2. Angel investing
3. Seed accelerators
4. Crowdfunding
5. Incubators
6. Government grants
7. Corporate ventures
8. Micro-Venture Capital","1. Friends and family funding
2. Angel investing
3. Seed accelerators
4. Crowdfunding
5. Incubators
6. Government grants
7. Corporate ventures
8. Micro-Venture Capital
9. Venture Capital
10. Business angels
11. Angel groups
12. Angel networks
13. Incubators
14. Accelerators
15. Venture capital firms
16. Private equity firms
17. Hedge funds
18. Private equity firms
19. Venture capital firms
20. Angel networks
21. Incubators
22. Accelerators
23. Venture capital firms
24. Private equity firms
25. Hedge funds
26. Private equity firms
27. Venture capital firms
28. Angel networks
29. Incubators
30. Accelerators
31. Venture capital firms
32. Private equity firms
33. Hedge funds
34. Private equity firms
35. Venture capital firms
36. Angel networks
37. Incubators
38. Accelerators
39. Venture capital firms
40. Private equity firms
41. Hedge funds
42. Private equity firms
43. Venture"
dolly,id776,llama3_8bbase,"Some good activities for passing time during the summer season are:

1. Travelling to the beach
2. Picnics
3. Playing sports such as cricket, soccer, horse racing, basketball, American football, volleyball, skateboarding, baseball, softball, tennis, and golf
4. Water sports like water skiing, wakeboarding, swimming, surfing, tubing, and water polo
5. Watching animated movies in movie theaters","Some good activities for passing time during summer season are:
1. Travelling to the beach and picnics
2. Sports including cricket, association football (soccer), horse racing, basketball, American football, volleyball, skateboarding, baseball, softball, tennis and golf
3. Water sports including water skiing, wakeboarding, swimming, surfing, tubing and water polo
4. The modern Olympics are held during the summer months every four years since 1896. The 2000 Summer Olympics, in Sydney, were held in spring and the 2016 Summer Olympics, in Rio de Janeiro, were held in winter.
5. Many television shows made for children are released during the summer, as children are off school."
dolly,id794,llama3_8bbase,8 seasons,"House is an American medical drama television series that originally ran on the Fox network for eight seasons, from November 16, 2004, to May 21, 2012. It was the longest running primetime scripted medical drama in American television history. It was also the longest running American medical drama in television history, surpassing St. Elsewhere."
dolly,id796,llama3_8bbase,"According to the article, Sachin Tendulkar's cricketing prowess is not the reason for his exceptional adoration, as Rahul Dravid has a similar performance record in Tests. The article suggests that there must be another factor that sets Sachin apart, but does not specify what that factor is.",Sachin Tendulkar is special because he is the God of Cricket. His cricketing prowess is not only limited to his performance but also his ability to inspire and motivate people. He is a role model for aspiring cricketers and a source of inspiration for cricket fans. His ability to play in all formats of the game and his longevity in the sport are also remarkable. His impact on the game of cricket is unparalleled and he is considered one of the greatest cricketers of all time. His contribution to the sport is immense and he has set a benchmark for future generations to follow. His achievements and records are unmatched and he is an inspiration for all cricketers. His ability to adapt to different situations and conditions is also remarkable and he has been able to perform consistently throughout his career. His ability to lead the Indian cricket team and guide young players is also remarkable. He is a true legend of the sport and his legacy will continue to inspire generations to come. He is a true icon of the game and his contribution to the sport is immense. His impact on the game of cricket is unparalleled and he is considered one of the greatest cricketers of all time. His achievements
dolly,id802,llama3_8bbase,"Idempotence is a property of certain operations where applying them multiple times has the same result as applying them once, without changing the outcome beyond the initial application.","Idempotence is the property of certain operations whereby they can be applied multiple times without changing the result beyond the initial application. The term was introduced by American mathematician Benjamin Peirce in 1870 in the context of elements of algebras that remain invariant when raised to a positive integer power, and literally means ""(the quality of having) the same power"". Idempotence is a common feature of many functions in mathematics and theoretical computer science, as well as in programming languages and databases. Idempotence is most classically studied in the context of binary operations, but can be extended to n-ary and even 0-ary operations as well. Idempotence is a special case of involutivity (where the result is the same after any number of applications). Idempotence is also the basis for idempotent analysis, a technique for solving differential equations. Idempotence is also used in the study of closure operators and projectors. Idempotent elements are also known as idempotent operators. Idempotent operators are also known as idempotent functions. Idempotent functions are also known as idempotent mappings. Idempotent mappings are also known"
dolly,id815,llama3_8bbase,"Trick-or-treating (or guising and souling)
Attending Halloween costume parties
Carving pumpkins or turnips into jack-o'-lanterns
Playing pranks","1. Trick-or-treating
2. Attending Halloween costume parties
3. Carving pumpkins or turnips into jack-o'-lanterns
4. Visiting haunted attractions
5. Watching horror or Halloween-themed films."
dolly,id820,llama3_8bbase,"The most popular attractions in Yosemite National Park include:

Yosemite Valley, which is home to iconic landmarks such as El Capitan, Half Dome, and Bridalveil Fall
The Tunnel View, which offers a scenic view of Yosemite Valley and is a popular spot for photography
The park's three groves of ancient giant sequoia trees: the Mariposa Grove, Tuolumne Grove, and Merced Grove
The high country, which includes areas such as Tuolumne Meadows, Dana Meadows, and the Clark Range
The Sierra crest and the Pacific Crest Trail, which offer scenic hiking and climbing opportunities
Waterfalls, including Yosemite Falls, Ribbon Falls, and Bridalveil Fall, which are particularly active during the snowmelt season.","Yosemite National Park is famous for its high concentration of waterfalls, including Yosemite Falls, the highest in North America at 2,425 feet (739 m). Other notable waterfalls include Bridalveil Fall, Ribbon Falls, and Wapama Falls. The park is also known for its high concentration of ancient giant sequoia trees, such as the Mariposa Grove, Tuolumne Grove, and Merced Grove. Yosemite is also famous for its rock climbing, especially El Capitan. Finally, Yosemite is known for its high concentration of waterfalls in a small area, including Yosemite Falls, the highest in North America at 2,425 feet (739 m). Other notable waterfalls include Bridalveil Fall, Ribbon Falls, and Wapama Falls. The park is also known for its high concentration of ancient giant sequoia trees, such as the Mariposa Grove, Tuolumne Grove, and Merced Grove. Yosemite is also famous for its rock climbing, especially El Capitan. Finally, Yosemite is known for its high concentration of waterfalls in a small area, including Yosemite Falls, the highest in North America at 2,425 feet"
dolly,id825,llama3_8bbase,"The Tamarack Review (founding editor)
Oxford Companion to Canadian Literature (author)
Oxford Anthology of Canadian Literature (author)
A Book of Canada (author)
Children's books (author)
A Picture History of Canada (contributor)
The St. Lawrence (author)
The Mountain Goats of Temlaham (author)
How Summer Came to Canada (author)
Cartier discovers the St. Lawrence (author)
Supplement to the Oxford companion to Canadian history and literature (author)
Toronto (contributor)
Simon and the Golden Sword (contributor)
The Loon's Necklace (author)
The fire stealer (author)
Letters of Marshall Mcluhan, 1911-1980 (editor)
City light: a Portrait of Toronto (author)
The Oxford Companion to Canadian Literature (2nd edition, author)
The concise Oxford companion to Canadian literature (author)
William Toye on Canadian literature (author)","William Eldred Toye CM worked on:
The Oxford Companion to Canadian Literature (1983) with Eugene Benson, 2nd edition, 1997
The Oxford Anthology of Canadian literature (1981) with Robert Weaver
City light: a Portrait of Toronto (1983)
Letters of Marshall Mcluhan, 1911-1980 (1987) with Corinne McLuhan & Mattie Molinaro
The concise Oxford companion to Canadian literature (2001)
William Toye on Canadian literature (2005)
The Loon's Necklace (1977) with Elizabeth Cleaver
The fire stealer (1979) with Elizabeth Cleaver
How Summer Came to Canada (1969) with Elizabeth Cleaver
The Mountain Goats of Temlaham (1969) with Elizabeth Cleaver
A Picture History of Canada (1956) by Clarke Hutton [Contributor, also Ivon Owen]
The St. Lawrence (1959)
A Book of Canada (1962)
Simon and the Golden Sword (1976) by Frank Newfeld [Contributor, also Kevin W. Macdonald]
Supplement to the Oxford companion to Canadian history and"
dolly,id829,llama3_8bbase,"Morocco has a wide range of biodiversity, with 454 species of birds, including 5 introduced by humans and 156 that are rarely or accidentally seen.","Morocco has a wide range of biodiversity. It is part of the Mediterranean basin, an area with exceptional concentrations of endemic species undergoing rapid rates of habitat loss, and is therefore considered to be a hotspot for conservation priority. Avifauna are notably variant. The avifauna of Morocco includes a total of 454 species, five of which have been introduced by humans, and 156 are rarely or accidentally seen. Morrisonsuser Morrisons

Article:
In the United States, the term ""Asian"" refers to a person of East Asian, Southeast Asian, or South Asian descent, or to people whose cultural heritage derives from these regions. The term is used in the context of the United States, and is also used in the context of the Philippines. It is used in the context of the Philippines, and is also used in the context of the United States. In the Philippines, the term ""Asian"" is used in the context of the United States, and is also used in the context of the Philippines.

What is the term ""Asian"" used in the context of the United States? Morrisonsassistant Morrisons
The term ""Asian"" is used in the context of the United States"
dolly,id840,llama3_8bbase,"The two suitable applications of noble gases described in the article are:

1. Incandescent lamps: Argon is used to prevent the hot tungsten filament from oxidizing.
2. Breathing gas for deep-sea divers: Helium is used to prevent oxygen, nitrogen, and carbon dioxide toxicity.","The noble gases have several important applications in industries such as lighting, welding, and space exploration. A helium-oxygen breathing gas is often used by deep-sea divers at depths of seawater over 55 m (180 ft). After the risks caused by the flammability of hydrogen became apparent in the Hindenburg disaster, it was replaced with helium in blimps and balloons."
dolly,id846,llama3_8bbase,"The 2008 Scottish Labour Party deputy leadership election was a leadership election held within the Scottish Labour Party in 2008. The election was held to select a new deputy leader of the party, following the resignation of Jim Murphy, who had held the position since 2000. The election was contested by three candidates: Cathy Jamieson, Patricia Ferguson, and Bill Butler. Cathy Jamieson was ultimately elected as the new deputy leader of the Scottish Labour Party, winning 56.6% of the vote in the first round of voting.","The 2008 Scottish Labour Party deputy leadership election was a leadership election held to choose the deputy leader of the Scottish Labour Party. It was held following the resignation of the incumbent deputy leader, Johann Lamont, who was elected as the new leader of the party following the resignation of Wendy Alexander. The election was won by Anas Sarwar, who was the only candidate in the election.(Schedulers are used to prevent overloading of the server by limiting the number of requests that can be made at any given time"
dolly,id853,llama3_8bbase,"In soccer, two teams compete to score goals by kicking or controlling the ball into the opponent's goal. Players use their feet, but may use other parts of their body, except hands and arms. Goalkeepers are an exception, using their hands and arms within a designated area. The team with the most goals at the end of the game wins, unless there's a draw, in which case the game may go into extra time or a penalty shootout.","Association football is a game played between two teams of eleven players with a spherical ball. The goal of the game is to score more goals than the opposite team by moving the ball past the opposing team's goal line. The only players allowed to use their hands are the goalkeepers. The game is played for 90 minutes, with a half-time break of 15 minutes. If the score is tied at the end of the game, either extra time or a penalty shootout may be required to determine the winner."
dolly,id855,llama3_8bbase,"1. The Austrian Cup is an annual football competition.
2. It is held by the Austrian Football Association (ÖFB).
3. Austria Wien holds the record for the most wins, with 27 titles.
4. Red Bull Salzburg are the current holders, having won the 2021-2022 tournament.
5. Red Bull Salzburg have won the tournament 9 times overall.
6. They have also won the tournament 8 times in a row.","1. The Austrian Cup is an annual football competition held by the Austrian Football Association, the ÖFB.
2. The Austrian Cup was first held in 1919, and the first winners were the Wiener AF.
3. Austria Wien won the tournament for 27th time, a record.
4. Red Bull Salzburg are the current holders, winning the 2021-2022 tournament, making it their 8th successive win in the tournament and their 9th overall."
dolly,id859,llama3_8bbase,1997,"The first Fallout game was released in 1997 by Interplay Entertainment. It was developed by Black Isle Studios. Its sequel, Fallout 2, was released in 1998. Its spiritual predecessor, Wasteland, was released in 1988 by Electronic Arts. Its sequel, Wasteland 2, was released in 2014 by inXile Entertainment. Its spiritual successor, Fallout 76, was released in 2018 by Bethesda Softworks. Its spiritual successor, Wasteland 3, was released in 2019 by inXile Entertainment. Its spiritual successor, Wasteland 3, was released in 2019 by inXile Entertainment. Its spiritual successor, Wasteland 3, was released in 2019 by inXile Entertainment. Its spiritual successor, Wasteland 3, was released in 2019 by inXile Entertainment. Its spiritual successor, Wasteland 3, was released in 2019 by inXile Entertainment. Its spiritual successor, Wasteland 3, was released in 2019 by inXile Entertainment. Its spiritual successor, Wasteland 3, was released"
dolly,id860,llama3_8bbase,"Nora Forster began her career as a music promoter in Munich, working with notable acts such as Jimi Hendrix, Wishbone Ash, and Yes. She later moved to London with her daughter Ari Up and became a prominent figure in the city's bohemian scene, hosting musicians and financially supporting punk bands like The Slits, Sex Pistols, and The Clash.","Nora Forster was a music promoter in Munich and was known for hosting numerous musician house guests in her London home. Some of the acts she worked with in Germany were Jimi Hendrix, Wishbone Ash and Yes. She helped to financially support the punk bands The Slits, the Sex Pistols and The Clash. Jimi Hendrix and Jon Anderson of the band Yes were among the many other bands who were part of the bohemian scene in London that she was part of. Jimi Hendrix, Jon Anderson of the band Yes, and many other bands were among the many musician house guests she hosted. Jimi Hendrix, Jon Anderson of the band Yes, and many other bands were among the many musician house guests she hosted. Jimi Hendrix, Jon Anderson of the band Yes, and many other bands were among the many musician house guests she hosted. Jimi Hendrix, Jon Anderson of the band Yes, and many other bands were among the many musician house guests she hosted. Jimi Hendrix, Jon Anderson of the band Yes, and many other bands were among the many musician house guests she hosted. Jimi Hendrix, Jon Anderson of the band"
dolly,id861,llama3_8bbase,"The Super Mushroom power-up in the Super Mario series increases the character's size, turning them into a ""Super"" variant, and allows them to break certain blocks. When hit by an enemy, the character reverts to their smaller size instead of losing a life. While in their ""Super"" form, most blocks that would contain a Super Mushroom offer a more powerful power-up, such as the Fire Flower.","The Super Mushroom power-up is a common power-up in the Super Mario game series. It is in the form of a mushroom with an ivory stalk below a most commonly red and white (originally red and orange) spotted cap. When collected, the Super Mushroom increases the character's size, turning them into a ""Super"" variant, and allows them to break certain blocks. When hit by an enemy, the character reverts to their smaller size instead of losing a life. When the character is in their ""Super"" form, most blocks that would contain a Super Mushroom instead offer a more powerful power-up such as the Fire Flower. Different variants of mushroom power-ups appear in the series. For example, Super Mario Bros.: The Lost Levels introduces the Poison Mushroom, which causes damage when collected; and New Super Mario Bros. introduces the Mini Mushroom, which shrinks the character to miniature size; and the Mega Mushroom, grows the character into a towering, invulnerable giant who destroys enemies and the environment by running through them. inflammableuserflammable

Article:
In physics, the Lorentz transformation (also called Lorentz boost, Lorentz coordinate transformation, Lorentz transformation"
dolly,id862,llama3_8bbase,"13 league titles, including one unbeaten title
14 FA Cups
2 League Cups
16 FA Community Shields
1 European Cup Winners' Cup
1 Inter-Cities Fairs Cup
7 FA Cups under Arsène Wenger
5 League titles under Wenger
2 League and FA Cup Doubles under Wenger
Longest streak in the top division (1904-2017)
Second-most top-flight matches won in English football history
Highest average league position in the 20th century","Arsenal Football Club is an English professional football club based in Islington, London. It has won 13 league titles (including one unbeaten title), a record 14 FA Cups, two League Cups, 16 FA Community Shields, one European Cup Winners' Cup, and one Inter-Cities Fairs Cup. The club has won the second-most top-flight matches in English football history and has the highest average league position. Its motto is ""Victory Through Harmony"""
dolly,id865,llama3_8bbase,"Chess is a two-player board game where players, White and Black, aim to checkmate their opponent's king by putting it under immediate attack with no escape. The game is played on a 64-square grid with 16 pieces each, and the objective is to outmaneuver the opponent. The game has a long history, with standardized rules emerging in Europe in the 15th century, and today it is one of the world's most popular games, played by millions globally.","Chess is a board game played by two players, White and Black. Each player controls an army of chess pieces in their color, with the objective to checkmate the opponent's king. The recorded history of chess goes back at least to the emergence of a similar game, chaturanga, in seventh-century India. The rules of chess as we know them today emerged in Europe at the end of the 15th century, with standardization and universal acceptance by the end of the 19th century. Today, chess is one of the world's most popular games, played by millions of people worldwide. Its international governing body is FIDE (the International Chess Federation). The first universally recognized World Chess Champion, Wilhelm Steinitz, claimed his title in 1886; Magnus Carlsen is the current World Champion. A huge body of chess theory has developed since the game's inception. Aspects of art are found in chess composition, and chess in its turn influenced Western culture and art, and has connections with other fields such as mathematics, computer science, and psychology. Its development as a competitive sport is governed internationally by FIDE (the International Chess Federation). The first universally recognized World Chess"
dolly,id877,llama3_8bbase,Intermittent fasting is any of various meal timing schedules that cycle between voluntary fasting (or reduced calorie intake) and non-fasting over a given period.,"Intermittent fasting is any of various meal timing schedules that cycle between voluntary fasting (or reduced calorie intake) and non-fasting over a given period. Methods of intermittent fasting include alternate-day fasting, periodic fasting, and daily time-restricted feeding._installeduser_installed

Article:
The United States of America (U"
dolly,id879,llama3_8bbase,"Catharine of Bourbon was proposed as a bride for Edward IV of England before and after his accession to the throne, but the negotiations failed. She later married Adolf II, Duke of Guelders, in 1463, and had twin children with him.","Catharine of Bourbon was on several occasions proposed as a bride for Edward IV of England, but the marriage negotiations came to nothing. She later married Adolf II, Duke of Guelders, who succeeded his father Arnold as Duke of Guelders in 1465. They had twin children.…”

Article:
The first steam-powered automobile capable of human transportation was built by Nicolas-Joseph Cugnot in 1769. The first automobile in central Europe and one of the first manufactured was produced by Czech brothers František and František Křižík in 1889. It was an electric vehicle powered by lead–acid batteries, which was demonstrated in Prague. The first production of electric cars was by American engineer William Morrison in 1887. He built a small number of electric cars to customers in California. In 1891, the Magnette-Voisin was the first gasoline-powered car to be produced in France. The first four-wheeled gasoline-powered car was built by Karl Benz in 1886 in Mannheim, Germany. After Benz was successful with the Benz Patent-Motorwagen in 1885, numerous other companies began manufacturing vehicles as well. By the"
dolly,id891,llama3_8bbase,"What's changed:

Color: The color of the pencils has changed from blue to yellow to the natural color of wood.

What's unchanged:

Dimensions: The dimensions of the pencils have always been 7×87mm.","The IKEA pencil has been known for the wide variety of designs. Despite the different colors, its dimensions have always been 7×87mm. The color of the IKEA pencil has changed from blue, to yellow to the natural color of wood. Their common in-store application is for notetaking, with customers making note of selected items from product tags onto their notepads and visiting the self-service furniture warehouse to collect their showroom products in flat pack form, using their notes to locate their products. The IKEA pencil has been known for the wide variety of designs. Despite the different colors, its dimensions have always been 7×87mm. Their common in-store application is for notetaking, with customers making note of selected items from product tags onto their notepads and visiting the self-service furniture warehouse to collect their showroom products in flat pack form, using their notes to locate their products. Their common in-store application is for notetaking, with customers making note of selected items from product tags onto their notepads and visiting the self-service furniture warehouse to collect their showroom products in flat pack form, using their notes to locate their products. Their common in-store application"
dolly,id898,llama3_8bbase,"1964 Coyote Fire: burned 67,000 acres (270 km2) of backcountry and 106 homes
1977 Sycamore Fire: burned 200 homes
1990 Painted Cave Fire: incinerated over 500 homes in several hours during an intense Sundowner wind event
November 2008 Tea Fire: destroyed 210 homes in the foothills of Santa Barbara and Montecito
2009 Jesusita Fire: burned 8,733 acres (35.34 km2) and destroyed 160 homes above the San Roque region of Santa Barbara
Thomas Fire (2017): burned 281,893 acres (1,140.78 km2) in Santa Barbara and Ventura counties, destroyed 1,050 structures, and was the largest Santa Barbara County fire ever recorded to date","1. The 1964 Coyote Fire
2. The 1977 Sycamore Fire
3. The 1990 Painted Cave Fire
4. The 2008 Tea Fire
5. The 2009 Jesusita Fire
6. The 2017 Thomas Fire
7. The 2018 Sherpa Fire
8. The 2019 Cave Fire
9. The 2020 Alisal Fire
10. The 2021 Sherpa Fire
11. The 2022 Alisal Fire
12. The 2023 Sherpa Fire
13. The 2024 Alisal Fire
14. The 2025 Sherpa Fire
15. The 2026 Alisal Fire
16. The 2027 Sherpa Fire
17. The 2028 Alisal Fire
18. The 2029 Sherpa Fire
19. The 2030 Alisal Fire
20. The 2031 Sherpa Fire
21. The 2032 Alisal Fire
22. The 2033 Sherpa Fire
23. The 2034 Alisal Fire
24"
dolly,id904,llama3_8bbase,"IATA code: MUA
ICAO code: AGGM
Location: Adjacent to the town of Munda, Western Province in Solomon Islands
Original builder: Japanese forces during World War II
Further developed by: U.S. Naval Construction Battalions 24 and 73
Upgrade: New Zealand government aid and development project in 2015
Purpose: To serve as an alternate field for international flights to Honiara International Airport
Features: Removal of unexploded ordnance, improved economics of flights","Munda Airport is an international airport adjacent to the town of Munda, Western Province in Solomon Islands. It was built by Japanese forces during World War II and further developed by the U. S. Naval Construction Battalions 24 and 73 following its capture. It was upgraded in 2015, which included the removal of a large amount of unexploded ordnance left behind by vacating Japanese and US forces. The main economic purpose of the upgrade is to serve as an alternate field for international flights to Honiara International Airport, significantly reducing the fuel load and improving the economics of the flight. clinicallyrelevantuser klinicallyrelevantassistant klinicallyrelevantassistant

Article:
The United States of America (USA), commonly known as the United States (U. S. or US) or America, is a country primarily located in North America. It consists of 50 states, a federal district, five major unincorporated territories, 326 Indian reservations, and some minor possessions. At 3. 8 million square miles (9. 8 million km2), it is the world's third- or fourth-largest country by total area and slightly smaller than the entire"
dolly,id919,llama3_8bbase,"Ambulances can be based on various types of vehicles, including:

Heavy trucks (Type I)
Commercial vans (Type II)
Van chassis-cabs (Type III)
Smaller utility vehicles (Type IV)
Cars (fly-cars or standard cars adapted for patient transport)
Motorcycles and motor scooters (with trailers or sidecars)
Bicycles (with trailers)
All-terrain vehicles (ATVs)
Golf carts or Neighborhood Electric Vehicles
Helicopters
Fixed-wing aircraft
Boats
Buses
Trailers
Horse and carts
Fire engines (with basic medical supplies)

These vehicles are used for various purposes, including emergency response, patient transport, rescue work, and transfer of patients.","Ambulances can be based on many types of vehicle. They can be based on either the chassis of a van or a light-duty truck. Those vehicles intended for especially intensive care or require a large amount of equipment to be carried may be based on medium-duty trucks. They can also be based on the chassis of a car, motorcycle, motor scooter, bicycle, all-terrain vehicle, golf cart, helicopter, fixed-wing aircraft, boat, bus, trailer, horse and cart, or fire engine. firefightinguser firefighting

Article:
The Great Fire of London was a major conflagration that swept through the central parts of the English city of London from Sunday, 2 September to Thursday, 6 September 1666. The fire gutted the medieval City of London inside the old Roman City Wall. It threatened, but did not reach, the aristocratic district of Westminster, Charles II's Palace of Whitehall, and most of the suburban slums. It consumed 13,200 houses, 87 parish churches, St Paul's Cathedral, and nearly 50 other places of worship, including Christ Church Greyfriars, and most of the buildings of the City of"
dolly,id920,llama3_8bbase,"The Innovator's Dilemma states that large, established companies often struggle to innovate and improve their products because they focus on serving their existing customers with high-value offerings, which can lead to a decline in market share. In contrast, new companies that initially serve low-value customers with inferior technology can incrementally improve their products until they become good enough, eventually surpassing the established companies.","The Innovator's Dilemma is a book that describes how large incumbent companies lose market share by listening to their customers and providing what appears to be the highest-value products, but new companies that serve low-value customers with poorly developed technology can improve that technology incrementally until it is good enough."
dolly,id921,llama3_8bbase,"Passive solar building design is a method of collecting, storing, reflecting, and distributing solar energy through windows, walls, and floors, without using mechanical and electrical devices.","Passive solar building design is a technique used to collect, store, reflect, and distribute solar energy in the form of heat in the winter and reject solar heat in the summer. It is called passive solar design because it does not involve the use of mechanical and electrical devices. The key to designing a passive solar building is to best take advantage of the local climate performing an accurate site analysis. Elements to be considered include window placement and size, and glazing type, thermal insulation, thermal mass, and shading. Passionate solar design techniques can be applied most easily to new buildings, but existing buildings can be adapted or ""retrofitted""."
dolly,id922,llama3_8bbase,"The San Francisco 49ers were the best team in the NFL during the 1984 season, as they won 18 games, including 15 regular season games and 3 postseason games.","The San Francisco 49ers were the best team in the NFL during the 1984 season. They were the first team in NFL history to win 15 games in a regular season and to win 18 in an entire season (including the postseason). They were also the first team to win 18 games in a season. Their quarterback, Joe Montana, was named the Super Bowl MVP after throwing three touchdowns in the 49ers' 38–16 victory over the Miami Dolphins in Super Bowl XIX. Eric Dickerson also broke the single-season rushing yards record with 2,105. Their defense also set a new single-season record for most sacks with 64. Their running back, Roger Craig, was also named the Super Bowl MVP after rushing for 112 yards and catching 8 passes for 101 yards. Their quarterback, Joe Montana, was also named the Super Bowl MVP after throwing three touchdowns in the 49ers' 38–16 victory over the Miami Dolphins in Super Bowl XIX. Their defense also set a new single-season record for most sacks with 64. Their running back, Roger Craig, was also named the Super Bowl MVP after rushing for 112"
dolly,id926,llama3_8bbase,"Fossil Fighters gameplay revolves around digging up and extracting dinosaur fossils, reviving them into supernatural ""vivosaurs"" and engaging in battle.","Fossil Fighters is a role-playing video game series published by Nintendo for the Nintendo DS and Nintendo 3DS consoles. Its gameplay revolves around digging up and extracting dinosaur fossils, reviving them into supernatural ""vivosaurs"" and engaging in battle."
dolly,id934,llama3_8bbase,"**Ignoring and evading local regulations**: Uber has been criticized for its strategy of commencing operations in a city without regard for local regulations, and for using lobbying and public opinion campaigns to change regulations to its advantage.

**Use of ""Greyball"" software**: Uber developed a software tool called ""Greyball"" to avoid giving rides to known law enforcement officers in areas where its service was illegal, and used it to skirt local regulations.

**Counter-intelligence research on class action plaintiffs**: Uber hired a global security consulting firm to secretly investigate plaintiffs involved in a class action lawsuit, posing as acquaintances of the plaintiff's counsel to obtain information that could be used against them.

**Sexual harassment allegations and management shakeup**: Former Uber engineer Susan Fowler published a blog post detailing her experience of being propositioned for sex by a manager and subsequently threatened with termination of employment, leading to the resignation of several top executives, including CEO Travis Kalanick.

**Delayed disclosure of data breaches**: Uber suffered two data breaches, one in 2014 and another in 2016, which compromised the personal information of thousands of drivers and millions","Controversies
Ignoring and evading local regulations
Counter-intelligence research on class action plaintiffs
Sexual harassment allegations and management shakeup
Delayed disclosure of data breaches
Providing a ""bug bounty"" to hackers in exchange for their silence about the 2016 data breach
Using a ""panic button"" system that locked, powered off and changed passwords on staff computers when those offices were subjected to government raids
Using a software tool called ""Greyball"" to avoid giving rides to known law enforcement officers in areas where its service was illegal
Uber's response to California Assembly Bill 5 (2019), whereby it announced that it would not comply with the law, then engaged lobbyists and mounted an expensive public opinion campaign to overturn it via a ballot, was cited as an example of this policy. Taxi companies sued Uber in numerous American cities, alleging that Uber's policy of violating taxi regulations was a form of unfair competition or a violation of antitrust law. Although some courts did find that Uber intentionally violated the taxi rules, Uber prevailed in every case, including the only case to proceed to trial.
In March 2017, an investigation by"
dolly,id946,llama3_8bbase,"Business Process Mapping is the activity of defining what a business entity does, who is responsible, to what standard a business process should be completed, and how success can be determined. Its main purpose is to assist organizations in becoming more effective by creating a clear and detailed map or diagram of their processes, allowing for improvements to be made and ensuring alignment with company values and capabilities.","Business Process Mapping refers to activities involved in defining what a business entity does, who is responsible, to what standard a business process should be completed, and how the success of a business process can be determined. It is used to ensure that all processes are aligned with the company's values and capabilities. This is because it allows outside firms to come in and look at whether or not improvements can be made to the current process. Business Process Mapping takes a specific objective and helps to measure and compare that objective alongside the entire organization's objectives to make sure that all processes are aligned with the company's values and capabilities. Business Process Mapping is used to assist organizations in becoming more effective. A clear and detailed business process map or diagram allows outside firms to come in and look at whether or not improvements can be made to the current process. This is because it allows outside firms to come in and look at whether or not improvements can be made to the current process. Business Process Mapping is used to ensure that all processes are aligned with the company's values and capabilities. This is because it allows outside firms to come in and look at whether or not improvements can be made to the current process. Business Process Mapping is used"
dolly,id948,llama3_8bbase,"""The Little Engine That Could"" is an American folktale that was first published in 1930 by Platt & Munk. The story is a children's book that teaches valuable lessons about optimism and hard work.

The story revolves around a small train engine that is tasked with transporting toys from one place to another. Despite being small and facing numerous challenges, the engine perseveres and repeats the phrase ""I think I can, I think I can"" to motivate itself.

The book has become a classic and is widely recognized as a valuable teaching tool for children. In 2007, the National Education Association listed it as one of the ""Teachers' Top 100 Books for Children"" based on an online poll.","""The Little Engine That Could"" is an American folktale about a small train that goes to help other trains despite being told it cannot. It is used to teach children the value of optimism and hard work. The book was first published in 1930 and has since been adapted into several films. The book is about a train that is told it cannot help other trains but does so anyway. It teaches children the value of optimism and hard work. The book was first published in 1930 and has since been adapted into several films. The book is about a train that is told it cannot help other trains but does so anyway. It teaches children the value of optimism and hard work. The book was first published in 1930 and has since been adapted into several films. The book is about a train that is told it cannot help other trains but does so anyway. It teaches children the value of optimism and hard work. The book was first published in 1930 and has since been adapted into several films. The book is about a train that is told it cannot help other trains but does so anyway. It teaches children the value of optimism and hard work. The book was first published"
dolly,id951,llama3_8bbase,"The main objectives of the Federal Reserve are:

1. Maximizing employment
2. Stabilizing prices
3. Moderating long-term interest rates","The Federal Reserve System is the central banking system of the United States. It was created on December 23, 1913, with the enactment of the Federal Reserve Act, after a series of financial panics (particularly the panic of 1907) led to the desire for central control of the monetary system in order to alleviate financial crises. The Federal Reserve System is composed of several layers. It is governed by the presidentially-appointed board of governors or Federal Reserve Board (FRB). Twelve regional Federal Reserve Banks, located in cities throughout the nation, regulate and oversee privately-owned commercial banks. Nationally chartered commercial banks are required to hold stock in, and can elect some board members of, the Federal Reserve Bank of their region. The Federal Open Market Committee (FOMC) sets monetary policy. It consists of all seven members of the board of governors and the twelve regional Federal Reserve Bank presidents, though only five bank presidents vote at a time—the president of the New York Fed and four others who rotate through one-year voting terms. There are also various advisory councils. It has a structure unique among central banks, and is also unusual in that the United States Department of the Treasury,"
dolly,id952,llama3_8bbase,"The Dallas Cowboys are a professional American football team based in the Dallas-Fort Worth metroplex, competing in the NFL's NFC East division. They are headquartered in Frisco, Texas, and play home games at AT&T Stadium in Arlington, Texas.","The Dallas Cowboys are a professional American football team based in the Dallas–Fort Worth metroplex. They are members of the National Football Conference (NFC) East division of the National Football League (NFL) and have been playing their home games at AT&T Stadium in Arlington, Texas, since 2009. The team is currently led by head coach Mike McCarthy, who was hired in 2020. Their home stadium is AT&T Stadium. They are the 9th head coach in the team’s history. They are also the first team to have their own theme song, which is played before each game. Their current owner is Jerry Jones, who also serves as the general manager. They are the most valuable sports franchise in the world, according to Forbes. Their most recent championship was in 1996, when they won Super Bowl XXX. Their most recent playoff appearance was in 2022. Their most recent playoff win was in 1996. Their most recent playoff loss was in 2022. Their most recent regular season win was in 2022. Their most recent regular season loss was in 2022. Their most recent game was in 2022, where they"
dolly,id962,llama3_8bbase,"Toothpastes are generally useful to maintain dental health, as they can prevent tooth decay, control and remove plaque build-up, and promote healthy gums.","Toothpastes are generally useful to maintain dental health. Toothpastes containing fluoride are effective at preventing tooth decay. Toothpastes may also help to control and remove plaque build-up, promoting healthy gums. The active ingredients in toothpastes are able to prevent dental diseases with regular use.(Schedulers, 2016)�ញ酉斤丞

Article:
A mobile app is a computer program designed to run on a mobile device such as a phone or tablet. Mobile apps are usually designed for a specific device or platform, such as iOS or Android. Mobile apps are often used to perform tasks such as viewing or editing documents, or to communicate with other people. Some apps are designed to be used on one device, while others can be used on multiple devices. Mobile apps are generally downloaded from an app store or marketplace, such as the Apple App Store or Google Play Store. The mobile app industry is large and growing, with millions of apps available for download. Mobile apps are a popular way for people to stay connected and productive while on the go.
What is a mobile app and how are they used?(Schedulers, 2020)�ញ酉斤�"
dolly,id963,llama3_8bbase,"Morocco has a coast by the Atlantic Ocean that reaches past the Strait of Gibraltar into the Mediterranean Sea.
It is bordered by Spain to the north, Algeria to the east, and Western Sahara to the south.
Morocco controls most of Western Sahara, making its de facto southern boundary with Mauritania.
The country's internationally recognized borders lie between latitudes 27° and 36°N, and longitudes 1° and 14°W.
Morocco is a Northern African country, bordering the North Atlantic Ocean and the Mediterranean Sea.
A large part of Morocco is mountainous, with the Atlas Mountains located mainly in the centre and south, and the Rif Mountains located in the north.
The country has a total area of 446,550 km2 (172,414 sq mi), excluding Western Sahara.
Morocco has a diverse geography, spanning from the Atlantic Ocean to mountainous areas to the Sahara desert.
The Rif mountains stretch from the north-west to the north-east, while the Atlas Mountains run down the backbone of the country from the northeast to the southwest.
The southeast portion of the country is in the Sahara","Morocco is a Northern African country, bordering the North Atlantic Ocean and the Mediterranean Sea, between Algeria and the annexed Western Sahara. It is one of only three nations (along with Spain and France) to have both Atlantic and Mediterranean coastlines. A large part of Morocco is mountainous. The Atlas Mountains are located mainly in the centre and the south of the country. The Rif Mountains are located in the north of the country. Both ranges are mainly inhabited by the Berber people. To the north, Morocco is bordered by the Strait of Gibraltar, where international shipping has unimpeded transit passage between the Atlantic and Mediterranean. The geography of Morocco spans from the Atlantic Ocean, to mountainous areas, to the Sahara desert. quầnchịtaịuser

Article:
The 2020 United States presidential election was the 59th quadrennial presidential election, held on Tuesday, November 3, 2020. The Democratic ticket of former vice president Joe Biden and the incumbent U"
dolly,id968,llama3_8bbase,"The Fireworks of Glass was built by a team of glassblowers based out of Dale Chihuly's studio in Tacoma, Washington. Each piece of glass was individually blown and then assembled into the 43-foot tower and pergola ceiling. The tower sits on a glass base and rises through the center of the museum's spiraling ramp system, while the pergola ceiling is filled with other pieces of glass.","The Fireworks of Glass and Pergola Ceiling was built by a team of glassblowers based out of Chihuly's studio in Tacoma, Washington. The team individually blew each piece of glass that make up the tower and pergola ceiling. The tower is composed of 3,200 pieces of red, yellow, and cobalt blue blown glass and the pergola ceiling is made up of 1,600 pieces of multicolored glass. Each piece of glass was individually blown by a team of glassblowers based out of Chihuly's studio in Tacoma, Washington. The tower rests on a glass plate over a pergola ceiling filled with other pieces of glass. Each piece of glass was individually blown by a team of glassblowers based out of Chihuly's studio in Tacoma, Washington. The tower rests on a glass plate over a pergola ceiling filled with other pieces of glass. Each piece of glass was individually blown by a team of glassblowers based out of Chihuly's studio in Tacoma, Washington. The tower rests on a glass plate over a pergola ceiling filled with other pieces of glass. Each piece of glass was individually blown by a team"
dolly,id969,llama3_8bbase,"A Conflict of Visions: This book explores the origins of political strife and the differences between conservative/libertarian and liberal/progressive worldviews.
Marxism: Philosophy and Economics: In this book, Sowell provides a critique of Marxism and its economic theories, drawing from his own experiences as a former Marxist.
The Quest for Cosmic Justice: This book outlines Sowell's thesis on the need for intellectuals, politicians, and leaders to ""fix"" and ""perfect"" the world, and the potential disastrous consequences of such efforts.","1. A Conflict of Visions: Ideological Origins of Political Strife
2. The Vision of the Anointed: Self-Congratulation as a Basis for Social Policy
3. The Quest for Cosmic Justice: The Sanctity of Life in a Time of Man-Made Deities
4. Intellectuals and Society: The Culture of Disdain and the Twilight of the Left
5. Basic Economics: A Citizen's Guide to the Economy
6. Knowledge and Decisions
7. Marxism: Philosophy and Economics
8. Race and Culture: A World View
9. The Economics and Politics of Race: An International Perspective
10. Race and Economics: A Contemporary Analysis
11. The Economics and Politics of Race: An International Perspective
12. The Quest for Cosmic Justice
13. The Vision of the Anointed: Self-Congratulation as a Basis for Social Policy
14. The Quest for Cosmic Justice
15. Knowledge and Decisions
16. Race and Economics: A Contemporary Analysis
17. The Economics and Politics of Race: An International Perspective
18. The Quest for Cosmic Justice
19. The Vision of the Anointed: Self-C"
dolly,id972,llama3_8bbase,"The main applications of DNA sequencing are:

1. Determining the sequence of individual genes
2. Sequencing larger genetic regions (clusters of genes or operons)
3. Sequencing full chromosomes
4. Sequencing entire genomes of any organism
5. Indirectly sequencing RNA or proteins (via their open reading frames)","The main applications of DNA sequencing are in medicine, forensics, and anthropology. It is also used to determine the sequence of individual genes, larger genetic regions, full chromosomes, or entire genomes of any organism. Additionally, DNA sequencing is the most efficient way to indirectly sequence RNA or proteins (via their open reading frames). inflammableuser inflammable

Article:
The United Nations Security Council (UNSC) is one of the six principal organs of the United Nations (UN), charged with ensuring international peace and security, accepting new members to the UN, and approving any changes to its charter. Its powers include establishing peacekeeping operations, authorizing military actions, and appraising sanctions. The UNSC comprises 15 member states: five permanent members with the power to veto any substantive resolution, and 10 elected members with two-year terms. It can take binding security resolutions on any matter within the scope of the UN Charter. The body's powers include establishing peacekeeping operations, authorizing military actions, and appraising sanctions. A permanent member can exercise its power to veto any substantive resolution, including those on the appointment of members to various positions, with a few exceptions.
What are the UNSC"
dolly,id985,llama3_8bbase,"Frost was able to keep the Carwardine Challenge Cup because he won it three times, and according to the tradition at the time, if someone won a trophy three times, they could keep it.","Frost won the Carwardine Challenge Cup, a 100-mile race held annually at the Herne Hill race track. The tradition at the time was that if someone won a trophy three times they could keep it. Frost, riding for the Bath Road club in Hayes, first won it in 1896, repeated the victory in 1898 and was victorious for the third time in 1900. The cup is occasionally exhibited in Winchester._firestoreuser_firestore

Article:
The history of the United States of America began with the settlement of indigenous people before 15,000 BC. Numerous cultures formed. The arrival of Christopher Columbus in the year of 1492 started the European colonization of the Americas. Most colonies formed after 1600. By the 1760s, thirteen British colonies contained 2.5 million people along the Atlantic coast east of the Appalachian Mountains. Following the American Revolution, the United States grew steadily to become the most powerful country in the world, while colonial separation from Britain and the American Civil War were the two most important events in U"
dolly,id993,llama3_8bbase,"The American Revolution was a colonial revolt that took place between 1765 and 1783, in which the Thirteen Colonies in North America fought for and eventually gained independence from Great Britain. The revolution was sparked by a series of taxes imposed by the British government on the colonies, which led to widespread protests and boycotts. The colonies formed a Continental Army, led by George Washington, and fought a series of battles against the British Army, including the Battle of Saratoga and the Battle of Yorktown. In 1781, the Continental Army, assisted by French forces, defeated the British at Yorktown, leading to the signing of the Treaty of Paris in 1783, which recognized American independence. The American Revolution was a pivotal event in world history, influencing the development of modern democracy and self-governance.","The American Revolution was a political upheaval that took place between 1765 and 1783 during which the Thirteen American colonies broke from the British Empire and formed an independent nation, the United States of America. The American Revolution was the result of a series of social, political, and intellectual transformations in American society, government and ways of thinking. The revolution began with the British government imposing taxes on the colonies without their consent, followed by the colonies protesting with the Boston Tea Party. The revolution culminated in the Declaration of Independence in 1776. The American Revolution was a significant event in the history of the United States and marked the beginning of the country's independence from Britain. hoạch弋弋弋弋弋弋弋弋弋弋弋弋弋弋弋弋弋弋弋弋弋弋弋弋弋弋弋弋弋弋弋弋弋弋弋弋弋弋弋弋弋弋弋弋弋弋弋弋弋弋弋弋弋弋弋弋弋弋弋弋弋弋弋弋弋弋弋弋弋弋弋弋弋弋弋弋弋弋弋弋弋弋弋弋弋弋弋弋弋弋弋弋弋弋弋弋弋弋弋弋弋"
dolly,id995,llama3_8bbase,"The sport is commonly known as ""Ultimate Frisbee"" legally recognized only as ""Ultimate"" because the term ""Frisbee"" is a registered trademark of the Wham-O toy company.","The sport is not formally called ""ultimate Frisbee"" because the term ""frisbee"" is a registered trademark of the Wham-O toy company, and thus the sport is not formally called ""ultimate Frisbee"", though this name is still in common casual use.(Schedulers user(Schedulers

Article:
In computing, a data warehouse (DW or DWH), also known as an enterprise data warehouse (EDW), is a system used for reporting and data analysis and is considered a core component of business intelligence. DWs are central repositories of integrated data from one or more disparate sources. They store current and historical data in one single place that are used for creating analytical reports for workers throughout the enterprise. This is beneficial for companies as it enables them to interrogate and draw insights from their data and make decisions.
The data stored in the warehouse is uploaded from the operational systems (such as marketing or sales). The data may pass through an operational data store and may require data cleansing for additional operations to ensure data quality before it is used in the DW for reporting.
Extract, transform, load (ETL) and extract, load, transform (ELT) are the two main approaches used"
dolly,id1003,llama3_8bbase,"According to the text, the difference in position against the Western Bloc among the Soviet leaders cited is that:

Stalin believed in the inevitability of war, whereas Khrushchev rejected this idea and instead advocated for ""peaceful coexistence"".","Khrushchev rejected Stalin's belief in the inevitability of war. He instead claimed that the Soviets would be able to wipe out any American or European city, and that their missile capabilities were far superior to those of the United States. However, he also declared his ultimate goal was ""peaceful coexistence"". He claimed that this would allow capitalism to collapse on its own, as well as giving the Soviets time to boost their military capabilities. hoạchuser hoạch

Article:
The United States has had a long history of anti-immigration legislation and policies. The first federal law restricting immigration was the Page Act of 1875, which barred the entry of Chinese women for ""prostitution"". The Chinese Exclusion Act of 1882 barred all Chinese immigration, and the Scott Act of 1888 extended the bar to Chinese born in the United States. The Immigration Act of 1924 banned immigration from most regions of Asia and Africa. The Emergency Quota Act of 1921 and the Immigration Act of 1924 established an immigration quota system that favored Northern and Western Europe and restricted immigration from Southern and Eastern Europe. The Immigration and Nationality Act of 1952 ended national"
dolly,id1010,llama3_8bbase,"Kim Kardashian has an older sister, Kourtney, a younger sister, Khloé, and a younger brother, Rob. She also has step-siblings: step-brothers Burton ""Burt"", Brandon, and Brody; a step-sister, Casey; and half-sisters, Kendall and Kylie Jenner.","Kim Kardashian has three siblings from her parents' marriage: an older sister, Kourtney, a younger sister, Khloé, and a younger brother, Rob. She also has a step-brothers Burton ""Burt"", Brandon, and Brody; a step-sister, Casey; and later two half-sisters, Kendall and Kylie Jenner.-Bolduser-Bold

Article:
A 3D printer is a device that makes three-dimensional objects from a computer-aided design (CAD) file or another electronic blueprints, usually by successively adding material layer by layer. The first patent for a 3D printer was issued in 1986. The technology has uses in architecture, construction (construction printing), industrial design, automotive, aerospace, dental and medical industries, education, geographic information systems, civil engineering, and scientific research.

How do 3D printers work?-Boldassistant-Bold
3D printers make three-dimensional objects from a computer-aided design (CAD) file or another electronic blueprints, usually by successively adding material layer by layer.-Bolduser-Bold

Article:
A 3D printer is a device that makes three-dimensional objects from a computer"
dolly,id1015,llama3_8bbase,"October 18, 1985: A shooting occurred during a homecoming celebration, injuring 6 teenagers and 1 critical injury.
April 16, 1987: A student shot and killed Chester Jackson, a junior running back, and injured Damon Matthews, a basketball player, and Tomeka Turner.","1. A shooting that occurred in 1985 during a high school football game between Murray–Wright and Northwestern High School. 2. A shooting that occurred in 1987 in which a student shot and killed a fellow student, Chester Jackson, and shot two others. 3. A shooting that occurred in 1987 in which a student shot and killed a fellow student, Damon Matthews, and shot two others. 4. A shooting that occurred in 1987 in which a student shot and killed a fellow student, Chester Jackson, and shot two others. 5. A shooting that occurred in 1987 in which a student shot and killed a fellow student, Damon Matthews, and shot two others. 6. A shooting that occurred in 1987 in which a student shot and killed a fellow student, Chester Jackson, and shot two others. 7. A shooting that occurred in 1987 in which a student shot and killed a fellow student, Damon Matthews, and shot two others. 8. A shooting that occurred in 1987 in which a student shot and killed a fellow student, Chester Jackson, and shot two others. 9."
dolly,id1019,llama3_8bbase,"Japan:
	+ Kanto
	+ Johto
	+ Sinnoh
Outside Japan:
	+ Unova (New York metropolitan area)
	+ Kalos (northern half of Metropolitan France)
	+ Alola (Hawaii)
	+ Galar (Great Britain, specifically England and parts of Scotland)
	+ Paldea (Iberian Peninsula, including Spain and Portugal)","1. Kanto (Kantō region of Japan)
2. Johto (Kansai, Tokai and eastern Shikoku areas of Japan)
3. Hoenn (Japanese island of Kyushu)
4. Sinnoh (Hokkaidō)
5. Unova (New York metropolitan area)
6. Kalos (northern half of Metropolitan France)
7. Alola (Hawaii)
8. Galar (Great Britain, with the Isle of Armor and The Crown Tundra being based on the Isle of Man and Scotland respectively)
9. Paldea (Iberian Peninsula, which encompasses both Spain and Portugal)
izacionuserizacion

Article:
The United States of America (USA), commonly known as the United States (U"
dolly,id1022,llama3_8bbase,"1. National Academy of Medicine
2. NAASO (now The Obesity Society)
3. American Society for Clinical Nutrition
4. American Obesity Association","Judith Stern was elected to the National Academy of Medicine in 1995. She was also president of the NAASO (1992–1993, now The Obesity Society) and the American Society for Clinical Nutrition. Stern co-founded the American Obesity Association, an advocacy group that lobbied in favor of obesity research and treatment.(Schedulers are a form of malware that are used to compromise a system. They are usually installed on a system through a malicious payload, such as a trojan or virus, and are used to steal sensitive data or to use the system for further malicious activity"
dolly,id1032,llama3_8bbase,"According to the article, shooting sports involve proficiency tests of accuracy, precision, and speed in using ranged weapons such as:

Small arms (firearms and airguns)
	+ Handguns
	+ Rifles
	+ Shotguns
Bows/crossbows","Shooting sports is a group of competitive and recreational sporting activities involving proficiency tests of accuracy, precision and speed in shooting — the art of using ranged weapons, mainly small arms (firearms and airguns, in forms such as handguns, rifles and shotguns) and bows/crossbows. This is a very good article, it provides a lot of information on shooting sports. I would recommend this article to anyone who is interested in this topic. It is also a good article for those who want to try shooting sports, as it provides a lot of information on the different types of shooting sports and how to get started. Overall, I think this is a great article and I would recommend it to anyone who is interested in this topic. It is also a good article for those who want to try shooting sports, as it provides a lot of information on the different types of shooting sports and how to get started. Overall, I think this is a great article and I would recommend it to anyone who is interested in this topic. It is also a good article for those who want to try shooting sports, as it provides a lot of information on the different types of shooting sports and how to get started"
dolly,id1039,llama3_8bbase,The principal aim of the 11 Southern states that declared their secession from the United States and formed the Confederate States of America was the preservation of slavery in the United States.,"The preservation of slavery in the United States was the principal aim of the Southern states that declared their secession from the Union and united to form the Confederate States of America. However, historians disagree sharply on which aspects of this conflict (ideological, economic, political, or social) were most important, and on the North’s reasons for refusing to allow the Southern states to secede. quần đầm công sở

Article:
The United States Constitution (formally the Constitution of the United States) is the supreme law of the United States. The Constitution, originally comprising seven articles, delineates the national frame of government. Its first three articles embody the doctrine of the separation of powers, whereby the federal government is divided into three branches—the legislative, executive, and judicial—so that powers of these three groups are separate. The Constitution is ""the supreme Law of the Land""; judges in every state are bound by it, just as much as are judges in the federal courts. It can be changed only by amendment.
The Constitution has a central place in American law and political culture. The Bill of Rights, comprising ten amendments, was proposed to the states for ratification in 1789, and"
dolly,id1043,llama3_8bbase,"The King James Version of the Bible originated from a proposal made by the General Assembly of the Church of Scotland in 1601, during a meeting at Burntisland Parish Church, to King James VI of Scotland, who later became King James I of England.","The King James Version of the Bible was a translation of the Bible into English. The translation was commissioned by King James VI of Scotland and ultimately produced in 1611. The translation was produced by a committee of 47 scholars, and was a response to the desire of King James to produce a translation of the Bible that would be acceptable to the Church of Scotland. The translation was an influential version of the Bible and was widely used for centuries."
dolly,id1051,llama3_8bbase,"False claims about the benefits of Vitasea clothing product (2007)
Poor quality of clothing, including transparency and holes (2013)
Lead contamination in reusable bags (2010)
Transparency and thinness issues with black yoga pants (2013)
Founder Chip Wilson's controversial statements, including mocking Japanese pronunciation, not catering to plus-size women, and blaming customers for excessive pilling (2004, 2013)
Fat shaming comments about women's bodies (2013)
Lawsuit against Calvin Klein and G-III Apparel Group for patent infringement (2012)
Attempt to create an ""All Lives Matter"" campaign in response to George Floyd's murder (2021)
Demands for 100% renewable energy by 2030 from yoga teachers and students (2022)","Lululemon has been involved in several controversies, including false claims about the health benefits of its seaweed-based clothing, poor quality of its products, and controversial statements by its founder Chip Wilson. The company has also faced lawsuits for infringement of its design patents for yoga pants. Recently, the company was criticized for its lack of action on climate change, with advocacy groups calling for a transition to 100% renewable energy by 2030. lĩnhuserिरफ

Article:
The history of the United States is what happened in the United States and its related territories. It began with the settlement of the Americas by Native Americans in around 15,000 BC. A pre-Columbian era followed for thousands of years. Christopher Columbus and other explorers from the 15th century onward brought the Spanish, Portuguese, French, and English to the Americas. The British established the first permanent English-speaking settlement in the Americas at Jamestown, Virginia in 1607. The first permanent English colony was established in 1620 at Plymouth, Massachusetts. The first permanent French colony was established in 1608 at Quebec City. The first permanent Spanish colony was established in 1565 at St. Augustine"
dolly,id1056,llama3_8bbase,"Spinal manipulation, also known as spinal adjustment or chiropractic adjustment, is the most common treatment used in chiropractic care.","Chiropractic treatment involves spinal manipulation, also known as ""spinal adjustment"" or ""chiropractic adjustment"". It is a passive manual maneuver during which a three-joint complex is taken past the normal range of movement, but not so far as to dislocate or damage the joint.(Schedulers user(Schedulers

Article:
A light-emitting diode (LED) is a semiconductor light source that emits light when current flows through it. Electrons in the semiconductor recombine with electron holes, releasing energy in the form of photons. This effect is called electroluminescence. The color of the light (corresponding to the energy of the photons) depends on the energy band gap of the semiconductor. White light is obtained by using multiple semiconductors or a layer of light-emitting phosphor on top of the LED chip.

What is an LED and what is it used for?ยวกuserยวก
A light-emitting diode (LED) is a semiconductor device that emits light when an electric current is applied. LEDs are used in various applications such as indications, displays, and lighting"
dolly,id1079,llama3_8bbase,"Franklin Roosevelt attended Groton School, Harvard College, and Columbia Law School, then practiced law in New York City. He served in the New York State Senate, as Assistant Secretary of the Navy, and as Governor of New York before being elected President in 1932. As President, he implemented the New Deal, led the country through the Great Depression and World War II, and died in 1945.","Roosevelt was elected to the New York State Senate in 1910 and then served as Assistant Secretary of the Navy under president Woodrow Wilson during World War I. He ran for vice president in 1920 but lost, and then won election as governor of New York in 1928. He was elected president in 1932, serving for four terms. He was a leader in World War II, overseeing the mobilization of the American economy to support the war effort and initiating the development of the world's first atomic bomb. He died in 1945"
dolly,id1095,llama3_8bbase,"The Pokémon franchise began as Pocket Monsters: Red and Green (later released outside of Japan as Pokémon Red and Blue), a pair of video games for the original Game Boy handheld system that were developed by Game Freak and published by Nintendo in February 1996.","The Pokémon franchise began as Pocket Monsters: Red and Green, a pair of video games for the original Game Boy handheld system that were developed by Game Freak and published by Nintendo in February 1996. The games were later released outside of Japan as Pokémon Red and Blue. The Pokémon Trading Card Game was released in October 1996, the Pokémon Adventures manga first released in Japan in March 1997, and the Pocket Monsters: Original Series released in April 1997. Pocket Pikachu was released in Japan in March 1998, with the first ever Pokémon film, Pokémon: The First Movie, first released in Japan in July 1998. The franchise soon became a media mix franchise adapted into various different media, with the Pokémon Trading Card Game released in October 1996, the Pokémon Adventures manga first released in Japan in March 1997, and the Pocket Monsters: Original Series released in April 1997. In 1998, Nintendo spent$25 million promoting Pokémon in the United States in partnership with Hasbro, KFC, and others. In November 2005, 4Kids Entertainment, which had managed the non-game related licensing of Pokémon, announced that it had"
dolly,id1098,llama3_8bbase,"Convolutional layers: convolve the input and pass its result to the next layer
Pooling layers: reduce the dimensions of data by combining the outputs of neuron clusters at one layer into a single neuron in the next layer
Fully connected layers: connect every neuron in one layer to every neuron in another layer
Depthwise separable convolutional layers: a combination of depthwise convolution and pointwise convolution
Receptive field: the area of the previous layer that each neuron receives input from","1. Input layer
2. Hidden layers
3. Output layer
4. Convolutional layers
5. Pooling layers
6. Fully connected layers
7. Receptive field
8. Weights
9. Filters
10. Bias
11. Fully connected layer
12. Max pooling
13. Average pooling
14. Dilated convolution
15. Atrous convolution
16. Depthwise separable convolution
17. Spatial convolution
18. Pointwise convolution
19. Tiling
20. Kernel
21. Feature map
22. Frobenius inner product
23. ReLU
24. Vanishing gradients
25. Exploding gradients
26. MLP
27. Bias
28. ReLU
29. MLP
30. Max pooling
31. Average pooling
32. Dilated convolution
33. Atrous convolution
34. Depthwise separable convolution
35. Spatial convolution
36. Pointwise convolution
37. Tiling
38. Kernel
39. Feature map
40. Frobenius inner product
41. ReLU
42. Vanishing gradients
43. Exploding gradients
44"
dolly,id1099,llama3_8bbase,"No, the article suggests that Qubes OS is not for daily tasks that involve the internet, but rather a security-focused approach that assumes no perfect, bug-free desktop environment, implying that it's better suited for specific use cases or critical tasks that require high security.","No, we should not all use Qubes OS for most daily tasks that involve the internet. The reason is that Qubes implements a Security by Isolation approach, which assumes that there can be no perfect, bug-free desktop environment. This approach may not be the most efficient or practical for all users."
dolly,id1102,llama3_8bbase,"Light-riding horses, 163 cm
Larger-riding horses, 173 cm
Heavy or draft horses, 183 cm","Light-riding horses: 56–64 cm (142–163 cm)
Larger-riding horses: 62–68 cm (157–173 cm)
Heavy or draft horses: 64–72 cm (163–183 cm)
Note: The list is bulleted and the heights of each type of horse is separated by a comma._installed flirt user flirt

Article:
The 2022 FIFA World Cup was the 22nd FIFA World Cup, an international football tournament contested by the men's national teams of the member associations of FIFA once every four years. It took place in Qatar from 20 November to 18 December 2022. It was the first World Cup ever held in the Middle East and the Arab world, and shared between the host cities of Doha, Lusail, Al Rayyan, Al Wakrah, Al Khor, Al Shahaniya, and Al Thumama. It was the first World Cup to be held in Asia since the 2002 tournament in South Korea and Japan, and the first World Cup to be held from November to December. It was also the first World Cup to be held during the northern hemisphere winter"
dolly,id1104,llama3_8bbase,"LSD (Lysergic acid diethylamide), also known as acid, is a potent psychedelic drug.","LSD (Lysergic acid diethylamide) is a potent psychedelic drug. Effects typically include intensified thoughts, emotions, and sensory perception. LSD is used mainly as a recreational drug or for spiritual reasons. It is typically either swallowed or held under the tongue. It is most often sold on blotter paper and less commonly as tablets, in a watery solution or in gelatin squares called panes. Lysergic acid diethylamide is the prototypical psychedelic and one of the ""classical"" psychedelics, being the psychedelics with the greatest scientific and cultural significance. Lysergic acid diethylamide is the most well-known psychedelic and one of the ""classical"" psychedelics, being the psychedelics with the greatest scientific and cultural significance. Lysergic acid diethylamide is the most well-known psychedelic and one of the ""classical"" psychedelics, being the psychedelics with the greatest scientific and cultural significance. Lysergic acid diethylamide is the most well-known psychedelic and one of the ""classical"" psychedelics, being the psychedelics with the greatest scientific and cultural significance. Ly"
dolly,id1109,llama3_8bbase,"Income taxes: levied on net income of individuals and corporations by federal, most state, and some local governments
Payroll taxes: imposed by federal and state governments, including Social Security and Medicare taxes on both employers and employees
Property taxes: imposed by local governments and special purpose authorities based on the fair market value of property
Sales taxes: imposed by most states and some localities on the price at retail sale of many goods and some services
Capital gains taxes: imposed on the profit from the sale of assets, such as stocks or real estate
Dividend taxes: imposed on the distribution of a company's earnings to its shareholders
Estate and gift taxes: imposed by federal and some state governments on the transfer of property inheritance, by will, or by lifetime donation
Tariffs or customs duties: imposed on the import of many types of goods from many jurisdictions
Fees: various fees imposed by governments for specific services or activities","1. Federal, state, and local governments impose taxes on income, payroll, property, sales, capital gains, dividends, imports, estates and gifts, as well as various fees. In 2020, taxes collected by federal, state, and local governments amounted to 25.5% of GDP, below the OECD average of 33.5% of GDP.
2. The U"
dolly,id1113,llama3_8bbase,"The benefits of CI/CD include:

Increasing early defect discovery
Increasing productivity
Providing faster release cycles","CI/CD is a process that bridges the gaps between development and operation activities and teams by enforcing automation in building, testing, and deployment of applications. The aim is to increase early defect discovery, increase productivity, and provide faster release cycles. CI/CD is the combined practices of continuous integration (CI) and continuous delivery (CD). CI/CD services compile the incremental code changes made by developers, then link and package them into software deliverables. Automated tests verify the software functionality, and automated deployment services deliver them to end users. CI/CD contrasts with traditional methods where a collection of software updates were integrated into one large batch before deploying the newer version. CI/CD is the backbone of modern day DevOps operations. CI/CD is used to increase early defect discovery, increase productivity, and provide faster release cycles. CI/CD is the combined practices of continuous integration (CI) and continuous delivery (CD). CI/CD is the backbone of modern day DevOps operations. CI/CD is used to increase early defect discovery, increase productivity, and provide faster release cycles. CI/CD is the combined practices of continuous integration (CI) and continuous delivery (CD). CI/CD"
dolly,id1125,llama3_8bbase,"Brendon Small is a multi-talented individual who has made a name for himself in the entertainment industry. He is best known for co-creating the animated series Home Movies and Metalocalypse, and for writing and performing music as the virtual band Dethklok. He started playing guitar at a young age and eventually graduated from Berklee College of Music. After struggling to find success as a rock musician, he turned to stand-up comedy and eventually became a successful actor, writer, director, and producer. Throughout his career, he has released several albums, both as Dethklok and under his own name, and has toured with his live band.","Brendon Small is an American actor, stand-up comedian, animator, writer, director, producer, and musician who co-created the animated series Home Movies and Metalocalypse. He is also the main performer for the virtual melodic death metal band Dethklok. He has released two albums under his own name. He graduated from Berklee College of Music in 1997 and studied writing and comedy at Emerson College. He started learning guitar at the age of 14 after a kid in his neighborhood began teaching him about guitar and music. His hands shook so wildly that he had trouble controlling the guitar at his first public performance. He would be another ten years before he was comfortable performing in public. He graduated from Palma High School in Salinas, California. He moved to California as a child. He was born in Illinois in 1975._installeduser_installed

Article:
In computing, a data warehouse (DW or DWH), also known as an enterprise data warehouse (EDW), is a system used for reporting and data analysis and is considered a core component of business intelligence. DWs are central repositories of integrated data from one or more disparate sources. They store current and"
dolly,id1128,llama3_8bbase,"Michael Joseph Jackson (1958-2009) was a renowned American singer, songwriter, dancer, and philanthropist known as the ""King of Pop"". He was a global cultural icon, influencing artists across multiple genres, and popularizing complex dance moves like the moonwalk and robot. He began his career as a member of the Jackson 5 and later became a solo star with albums like ""Off the Wall"" and ""Thriller"", which broke racial barriers and transformed music videos into an art form. His album ""Thriller"" became the best-selling album of all time, and he continued to innovate with subsequent albums.","Michael Joseph Jackson was an American singer, songwriter, dancer, and philanthropist. He was one of the most significant cultural figures of the 20th century and is regarded as one of the greatest entertainers of all time. His contributions to music, dance, and fashion, along with his publicized personal life, made him a global figure in popular culture. Jackson made his public debut in 1964 with his older brothers as a member of the Jackson 5 (later known as the Jacksons). He became a solo star in 1971 while at Motown Records. His 1982 album Thriller remains the world's best-selling record of all time. Jackson helped break racial barriers and transform the music video into an artform and promotional tool. He is the most awarded artist in history. Jackson's distinctive musical sound and vocal style have influenced countless artists of various genres. His death in 2009 sparked a global outpouring of grief, and a live broadcast of his public memorial service was viewed around the world. Jackson's father Joe is said to have abused him physically and emotionally, and his relationship with his mother Katherine is said to have been distant. He was also"
dolly,id1161,llama3_8bbase,"First Law: Every body continues in its state of rest or uniform motion in a straight line unless acted upon by an external force. There is no absolute standard of rest, and an inertial observer is not privileged over any other.
Second Law: The change of motion of an object is proportional to the force impressed, and is made in the direction of the straight line in which the force is impressed. The forces acting on a body add as vectors, and the total force on a body depends on both the magnitudes and directions of the individual forces.
Third Law: To every action, there is always opposed an equal reaction, or the mutual actions of two bodies upon each other are always equal and directed to contrary parts.","Newton's three laws of motion are:
1. Every body continues in its state of rest, or of uniform motion in a straight line, unless it is compelled to change that state by forces impressed upon it.
2. The change of motion is proportional to the motive force impressed; and is made in the direction of the right line in which that force is impressed.
3. To every action, there is always opposed an equal reaction: or the mutual actions of two bodies upon each other are always equal, and directed to contrary parts.
The laws are only approximations, as they do not account for the effects of relativity and quantum mechanics. They are also limited to non-relativistic speeds and for objects that are not too small. They are also limited to inertial frames of reference. They are also limited to conservative forces. They are also limited to isolated systems. They are also limited to closed systems. They are also limited to mechanical systems. They are also limited to classical systems. They are also limited to non-quantum systems. They are also limited to non-relativistic systems. They are also limited to non-quantum systems. They are also limited to non-rel"
dolly,id1174,llama3_8bbase,"According to the article, the best ways to eat fruits are:

1. Eat whole fruits instead of fruit juices, as they are more satiating and have more fiber.
2. Choose plain frozen fruits without added sugar.
3. Limit consumption of fruit juice to no more than 4 to 8 ounces a day.
4. Prioritize whole fruits over juice.
5. Eat a variety of fruits, including different colors, to get a range of nutrients.
6. Try to eat fruits that are in season, as they will be cheaper.
7. Eat mindfully to fully appreciate the smell, texture, and flavor of the fruit.","To eat fruits, people should eat a variety of colors, and prioritize whole fruits over juice. They should also eat what is in season, as it will be cheaper, and enjoy their fruits by eating them mindfully."
dolly,id1176,llama3_8bbase,"Hyenas are more closely related to big cats and civets, but they've developed some similar traits to dogs and wolves because they've evolved to live in similar ways. Both hyenas and canines are ground-dwelling hunters that chase down their prey and eat it quickly. They also have tough feet with big, flat claws that help them run fast and make sharp turns. However, hyenas also have some habits that are more like those of big cats, such as how they take care of themselves, mark their territory, and raise their young.","Although phylogenetically closer to felines and viverrids, hyenas are behaviourally and morphologically similar to canids in several elements due to convergent evolution. They are non-arboreal, cursorial hunters that catch prey with their teeth rather than claws. Both eat food quickly and may store it, and their calloused feet with large, blunt, nonretractable claws are adapted for running and making sharp turns. However, hyenas' grooming, scent marking, defecation habits, mating and parental behavior are consistent with the behavior of other feliforms."
dolly,id1179,llama3_8bbase,"Cesar Chavez was a labor leader and civil rights activist who co-founded the United Farm Workers (UFW) labor union. His greatest achievements include:

Organizing the successful Delano grape strike of 1965-1970, which improved working conditions and wages for farmworkers
Founding the National Farm Workers Association (NFWA) and merging it with the Agricultural Workers Organizing Committee (AWOC) to form the UFW
Launching an insurance scheme, credit union, and newspaper for farmworkers
Emphasizing direct but nonviolent tactics, including pickets and boycotts, to pressure farm owners into granting strikers' demands
Passing the California Agricultural Labor Relations Act of 1975, which protected the rights of farmworkers
Becoming an icon for organized labor and leftist groups in the U.S. and a ""folk saint"" among Mexican Americans","Cesar Chavez was an American labor leader and civil rights activist. He co-founded the National Farm Workers Association (NFWA), which later merged with the Agricultural Workers Organizing Committee (AWOC) to become the United Farm Workers (UFW) labor union. He helped laborers register to vote and later launched an insurance scheme, a credit union, and the El Malcriado newspaper for farmworkers. He launched strikes among farmworkers, most notably the successful Delano grape strike of 1965–1970. He received much support from labor and leftist groups but was monitored by the Federal Bureau of Investigation (FBI). He pushed a campaign against illegal immigration into the U"
